casenumber,location,reported_date,month,year,offense_desc,statute_code,statute_desc,counts,reporting_officer,unique_id,violent_cat,property_cat
2023-00502885,W EXCHANGE ST,2023-12-30T22:40:46.000,12,2023,Larceny from Motor Vehicle,11-41-1,LARCENY/U $1500 - FROM MV,1,NField,2023-00502885-001,None,Larceny-theft
2023-00106016,JOHN J PARTINGTON WAY &  ATWELLS AVE,2023-12-30T20:34:00.000,12,2023,Auto Fire,Not Used,No Violations,0,SCooney,2023-00106016-001,None,None
2023-00105943,PROVIDENCE,2023-12-30T14:55:00.000,12,2023,Request for Assistance,Not Used,No violations,0,Central Station,2023-00105943-001,None,None
2023-00105818,N MAIN ST &  HILLSIDE AVE,2023-12-29T23:23:15.000,12,2023,Shots Fired,Not Used,No Violations,0,TGibson,2023-00105818-001,None,None
2023-00105701,BROAD ST & JOHN J PARTINGTON WAY,2023-12-29T15:24:00.000,12,2023,Warrant\Capias,BWARRANT-SC,BENCH WARRANT ISSUED FROM SUPERIOR COURT,2,TJones,2023-00105701-001,None,None
2023-00502880,CANDACE ST,2023-12-29T14:51:10.000,12,2023,Larceny from Motor Vehicle,11-41-1,LARCENY/U $1500 - FROM MV,1,NField,2023-00502880-001,None,Larceny-theft
2023-00105378,0 Block PLEASANT VALLEY PKY,2023-12-28T04:27:18.000,12,2023,Robbery,11-39-1,ROBBERY-2ND DEGREE,1,GSans-Souci,2023-00105378-001,Robbery,None
2023-00502872,SPRUCE,2023-12-27T23:16:35.000,12,2023,"Larceny, Other",11-41-1,LARCENY/U $1500 - ALL OTH LARCENY,1,NField,2023-00502872-001,None,Larceny-theft
2023-00105168,PARK ST,2023-12-27T08:41:00.000,12,2023,Larceny - Theft,Not Used,"Under Investigation, Offense Pending",0,JGallucci,2023-00105168-001,None,Larceny-theft
2023-00105090,RT10N & ELMWOOD AVE,2023-12-26T20:07:00.000,12,2023,Drug Offenses,21-28-4.01-C1A,POSSESSION OF SCHEDULE I II III,1,CCorreia,2023-00105090-001,None,None
2023-00105090,RT10N & ELMWOOD AVE,2023-12-26T20:07:00.000,12,2023,RI Statute Violation,12-9-16,WARRANT OF ARREST ON AFFIDAVIT - ALL OTH OFFENSE,1,CCorreia,2023-00105090-002,None,None
2023-00104998,0 Block KELLEY ST,2023-12-26T13:35:59.000,12,2023,Larceny - Theft,Not Used,"Under Investigation, Offense Pending",0,SIm,2023-00104998-001,None,Larceny-theft
2023-00104950,MATHEWSON ST,2023-12-26T10:00:00.000,12,2023,"Larceny, Other",11-41-1,LARCENY/U $1500 - ALL OTH LARCENY,1,Central Station,2023-00104950-001,None,Larceny-theft
2023-00502859,POINT ST,2023-12-26T09:17:21.000,12,2023,Vandalism,11-44-1,VANDALISM/MALICIOUS INJURY TO PROPERTY,1,NField,2023-00502859-001,None,None
2023-00104723,100 Block BLACKSTONE ST,2023-12-24T21:25:00.000,12,2023,Suspicious Person,Not Used,No Violations,0,RBallinger,2023-00104723-001,None,None
2023-00104633,PINE ST & E FRANKLIN ST,2023-12-24T11:03:33.000,12,2023,Larceny from Motor Vehicle,11-41-1,LARCENY/U $1500 - FROM MV,1,CHines,2023-00104633-001,None,Larceny-theft
2023-00104633,PINE ST & E FRANKLIN ST,2023-12-24T11:03:33.000,12,2023,Vandalism,11-44-1,VANDALISM/MALICIOUS INJURY TO PROPERTY,1,CHines,2023-00104633-002,None,None
2023-00502853,PARK ST,2023-12-24T10:44:41.000,12,2023,Larceny from Motor Vehicle,11-41-1,LARCENY/U $1500 - FROM MV,1,NField,2023-00502853-001,None,Larceny-theft
2023-00104551,ELMWOOD AVE,2023-12-24T01:43:00.000,12,2023,"Larceny, Other",11-41-1,LARCENY/O $1500 - ALL OTH LARCENY,1,Central Station,2023-00104551-001,None,Larceny-theft
2023-00502850,CANAL ST,2023-12-24T01:34:26.000,12,2023,Vandalism,11-44-1,VANDALISM/MALICIOUS INJURY TO PROPERTY,1,NField,2023-00502850-001,None,None
2023-00104521,WASHINGTON ST,2023-12-24T00:23:00.000,12,2023,"Assault, Simple",11-5-3,SIMPLE ASSAULT/BATTERY,1,Central Station,2023-00104521-001,None,None
2023-00104526,SPRUCE ST  &  PENN ST &  RING ST,2023-12-24T00:16:39.000,12,2023,Larceny from Motor Vehicle,11-41-1,LARCENY/U $1500 - FROM MV,1,STeran,2023-00104526-001,None,Larceny-theft
2023-00104526,SPRUCE ST  &  PENN ST &  RING ST,2023-12-24T00:16:39.000,12,2023,Vandalism,11-44-1,VANDALISM/MALICIOUS INJURY TO PROPERTY,1,STeran,2023-00104526-002,None,None
2023-00502848,CAPITOL HILL DR,2023-12-23T22:12:14.000,12,2023,Vandalism,11-44-1,VANDALISM/MALICIOUS INJURY TO PROPERTY,1,NField,2023-00502848-001,None,None
2023-00502844,PARK ST,2023-12-23T21:23:08.000,12,2023,Vandalism,11-44-1,VANDALISM/MALICIOUS INJURY TO PROPERTY,1,NField,2023-00502844-001,None,None
2023-00502842,THAYER ST,2023-12-23T14:00:39.000,12,2023,"Fraud, Credit Card",11-49-4,FRAUDULENT USE OF CREDIT CARDS,1,NField,2023-00502842-001,None,None
2023-00104288,GESLER ST,2023-12-23T01:35:00.000,12,2023,Request for Assistance,Not Used,No violations,0,Central Station,2023-00104288-001,None,None
2023-00104222,POE ST &  BAY ST,2023-12-22T21:29:00.000,12,2023,Narcotics Violation,Not Used,"Under Investigation, Offense Pending",0,DForte,2023-00104222-001,None,None
2023-00104194,CAHIR ST,2023-12-22T18:40:00.000,12,2023,"Fraud, Swindle",11-49.1-3,IDENTITY FRAUD - FALSE PRETENSE,1,Central Station,2023-00104194-001,None,None
2023-00104131,MECHANICS AVE,2023-12-22T15:34:00.000,12,2023,Traffic Violation,31-27-4,"Reckless Driving, Drag Racing - Attempting to Elude",1,LSan Lucas,2023-00104131-001,None,None
2023-00104131,MECHANICS AVE,2023-12-22T15:34:00.000,12,2023,Traffic Violation,31-27-4.1,Eluding a Law Enforcement Officer with a MV in a High Speed Pursuit,1,LSan Lucas,2023-00104131-002,None,None
2023-00104111,0 Block PLEASANT VALLEY PARK,2023-12-22T13:55:24.000,12,2023,"Assault, Simple",11-5-3,SIMPLE ASSAULT OR BATTERY,1,EPedchenko,2023-00104111-001,None,None
2023-00502834,BENEVOLENT ST,2023-12-22T13:09:13.000,12,2023,Vandalism,11-44-1,VANDALISM/MALICIOUS INJURY TO PROPERTY,1,NField,2023-00502834-001,None,None
2023-00104006,MANTON AVE &  SAN SOUCI DR,2023-12-22T00:17:56.000,12,2023,Warrant\Capias,BWARRANT-SC,BENCH WARRANT ISSUED FROM SUPERIOR COURT,1,HViruet,2023-00104006-001,None,None
2023-00104006,MANTON AVE &  SAN SOUCI DR,2023-12-22T00:17:56.000,12,2023,RI Statute Violation,12-7-10,RESISTING LEGAL OR ILLEGAL ARREST,1,HViruet,2023-00104006-002,None,None
2023-00104006,MANTON AVE &  SAN SOUCI DR,2023-12-22T00:17:56.000,12,2023,Weapons,11-47-42,WEAPONS OTHER THAN FIREARMS PROHIBITED,1,HViruet,2023-00104006-003,None,None
2023-00104006,MANTON AVE &  SAN SOUCI DR,2023-12-22T00:17:56.000,12,2023,Drug Offenses,21-28-4.01-C1A,POSSESSION OF SCHEDULE I II III,1,HViruet,2023-00104006-004,None,None
2023-00103490,W ECHANGE ST,2023-12-19T23:52:00.000,12,2023,Request for Assistance,Not Used,No violations,0,Central Station,2023-00103490-001,None,None
2023-00103455,GLOBE ST &  ALLENS AVE,2023-12-19T20:30:00.000,12,2023,Narcotics Violation,Not Used,"Under Investigation, Offense Pending",0,DForte,2023-00103455-001,None,None
2023-00103438,0 Block DORRANCE,2023-12-19T19:09:26.000,12,2023,RI Statute Violation,12-9-16,WARRANT OF ARREST ON AFFIDAVIT - ALL OTH OFFENSE,1,JAntoniou,2023-00103438-001,None,None
2023-00103167,RICHMOND ST,2023-12-18T17:26:00.000,12,2023,RI Statute Violation,36-M,DAMAGED VEHICLE,1,Central Station,2023-00103167-001,None,None
2023-00103149,MEMORIAL BLVD,2023-12-18T16:10:00.000,12,2023,Request for Assistance,Not Used,No violations,0,Central Station,2023-00103149-001,None,None
2023-00103101,JOHN PARTINGTON WAY &  CARPENTER ST,2023-12-18T12:49:00.000,12,2023,Auto Towed,Not Used,Parking or MV Violation,0,DSepe,2023-00103101-001,None,None
2023-00102926,0 Block TRULL ST,2023-12-17T19:15:00.000,12,2023,Stolen Property,Not Used,No Violations,0,CSimanski,2023-00102926-001,None,None
2023-00502804,1500 Block DUPONT DR,2023-12-17T12:10:24.000,12,2023,"Larceny, Other",11-41-1,LARCENY/U $1500 - ALL OTH LARCENY,1,NField,2023-00502804-001,None,Larceny-theft
2023-00502800,CANAL ST,2023-12-16T19:09:08.000,12,2023,Vandalism,11-44-1,VANDALISM/MALICIOUS INJURY TO PROPERTY,1,NField,2023-00502800-001,None,None
2023-00102620,E FRANKLIN ST  &  FRIENDSHIP ST,2023-12-16T16:15:00.000,12,2023,Larceny from Motor Vehicle,11-41-1,LARCENY/U $1500 - FROM MV,1,DWilson,2023-00102620-001,None,Larceny-theft
2023-00102620,E FRANKLIN ST  &  FRIENDSHIP ST,2023-12-16T16:15:00.000,12,2023,Vandalism,11-44-1,VANDALISM/MALICIOUS INJURY TO PROPERTY,1,DWilson,2023-00102620-002,None,None
2023-00502795,PARK ST,2023-12-16T12:22:04.000,12,2023,Vandalism,11-44-1,VANDALISM/MALICIOUS INJURY TO PROPERTY,1,NField,2023-00502795-001,None,None
2023-00502793,PARK ST,2023-12-16T11:13:53.000,12,2023,Vandalism,11-44-1,VANDALISM/MALICIOUS INJURY TO PROPERTY,1,NField,2023-00502793-001,None,None
2023-00502792,ELM ST,2023-12-16T11:11:17.000,12,2023,Vandalism,11-44-1,VANDALISM/MALICIOUS INJURY TO PROPERTY,1,NField,2023-00502792-001,None,None
2023-00502791,PARK ST,2023-12-16T11:00:30.000,12,2023,Larceny from Motor Vehicle,11-41-1,LARCENY/U $1500 - FROM MV,1,NField,2023-00502791-001,None,Larceny-theft
2023-00502788,200 Block CANAL ST,2023-12-16T00:54:07.000,12,2023,Vandalism,11-44-1,VANDALISM/MALICIOUS INJURY TO PROPERTY,1,NField,2023-00502788-001,None,None
2023-00502787,CANAL ST,2023-12-15T23:27:47.000,12,2023,Vandalism,11-44-1,VANDALISM/MALICIOUS INJURY TO PROPERTY,1,NField,2023-00502787-001,None,None
2023-00102172,SPRUCE STREET,2023-12-15T09:15:00.000,12,2023,Vandalism,11-44-1,VANDALISM/MALICIOUS INJURY TO PROPERTY,1,Central Station,2023-00102172-001,None,None
2023-00502770,1000 Block RING ST,2023-12-14T13:14:26.000,12,2023,"Fraud, Swindle",11-49.1-3,IDENTITY FRAUD - FALSE PRETENSE,1,NField,2023-00502770-001,None,None
2023-00101704,CHALKSTONE AVE,2023-12-13T17:02:00.000,12,2023,Malicious Mischief,Not Used,No violations,0,Central Station,2023-00101704-001,None,None
2023-00101510,0 Block KELLEY ST,2023-12-12T22:21:48.000,12,2023,Alarm-Residental,Not Used,No Violations,0,BMacedo,2023-00101510-001,None,None
2023-00101396,MANTON AVE,2023-12-12T14:58:00.000,12,2023,Larceny from Motor Vehicle,11-41-1,LARCENY/U $1500 - FROM MV,1,Central Station,2023-00101396-001,None,Larceny-theft
2023-00502754,PASTEUR ST,2023-12-12T08:36:44.000,12,2023,Larceny from Motor Vehicle,11-41-1,LARCENY/U $1500 - FROM MV,1,NField,2023-00502754-001,None,Larceny-theft
2023-00502751,CHARLES ST,2023-12-11T18:07:51.000,12,2023,"Larceny, Other",11-41-1,LARCENY/U $1500 - OTH LAR,1,NField,2023-00502751-001,None,Larceny-theft
2023-00101160,MANTON AVENUE,2023-12-11T14:03:00.000,12,2023,"Fraud, Swindle",11-49.1-3,IDENTITY FRAUD - FALSE PRETENSE,1,Central Station,2023-00101160-001,None,None
2023-00100850,FRIENDSHIP ST,2023-12-10T03:00:00.000,12,2023,"Larceny, Other",11-41-1,LARCENY/O $1500 - ALL OTH LARCENY,1,Central Station,2023-00100850-001,None,Larceny-theft
2023-00100666,SPRUCE ST,2023-12-09T17:14:00.000,12,2023,Larceny from Motor Vehicle,11-41-1,LARCENY/O $1500 - FROM MV,1,Central Station,2023-00100666-001,None,Larceny-theft
2023-00100660,100 Block SABIN ST,2023-12-09T16:44:12.000,12,2023,Suspicious Person,Not Used,No Violations,0,CMain,2023-00100660-001,None,None
2023-00100517,BROADWAY  &  SERVICE 7 RD,2023-12-09T02:26:00.000,12,2023,Reckless and Eluding,Not Used,No Violations,0,JPrimiano,2023-00100517-001,None,None
2023-00100313,400 Block PARK AV,2023-12-08T15:08:00.000,12,2023,Request for Assistance,Not Used,No violations,0,TManzotti,2023-00100313-001,None,None
2023-00502729,600 Block PAWTUCKET AVE,2023-12-07T20:50:43.000,12,2023,Larceny from Motor Vehicle,11-41-1,LARCENY/U $1500 - FROM MV,1,NField,2023-00502729-001,None,Larceny-theft
2023-00502728,600 Block PAWTUCKET AVE,2023-12-07T20:32:54.000,12,2023,Vandalism,11-44-1,VANDALISM/MALICIOUS INJURY TO PROPERTY,1,NField,2023-00502728-001,None,None
2023-00502720,0 Block WASHINGTON,2023-12-07T09:08:27.000,12,2023,"Larceny, Other",11-41-1,LARCENY/U $1500 - ALL OTH LARCENY,1,NField,2023-00502720-001,None,Larceny-theft
2023-00099814,PROVIDENCE,2023-12-06T17:41:00.000,12,2023,"Larceny, Other",11-41-7,LARCENY FROM THE PERSON - ALL OTH LARCENY,1,Central Station,2023-00099814-001,None,Larceny-theft
2023-00099800,HARTFORD AVE,2023-12-06T17:13:00.000,12,2023,Reckless and Eluding,Not Used,No Violations,0,SNoti,2023-00099800-001,None,None
2023-00502716,J PARTINGTON WAY,2023-12-06T15:09:22.000,12,2023,"Fraud, Swindle",11-49.1-3,IDENTITY FRAUD - FALSE PRETENSE,1,NField,2023-00502716-001,None,None
2023-00099634,FULTON ST &  EXCHANGE ST,2023-12-06T01:31:46.000,12,2023,Auto Towed,Not Used,Parking or MV Violation,0,JGuiot,2023-00099634-001,None,None
2023-00099543,ADMIRAL ST,2023-12-05T17:31:00.000,12,2023,Larceny from Motor Vehicle,11-41-1,LARCENY/O $1500 - FROM MV,1,Central Station,2023-00099543-001,None,Larceny-theft
2023-00099421,0 Block KELLEY ST,2023-12-05T09:32:00.000,12,2023,Assistance Rendered,Not Used,No Violations,0,SIm,2023-00099421-001,None,None
2023-00099068,MESSER ST,2023-12-04T00:30:56.000,12,2023,Disturbance,Not Used,No Violations,0,ILiriano,2023-00099068-001,None,None
2023-00098765,EXCHANGE TER &  FRANCIS ST,2023-12-02T22:06:38.000,12,2023,Disturbance,Not Used,No Violations,0,GGenao,2023-00098765-001,None,None
2023-00098722,ATWELLS AVE &  MESSENGER ST,2023-12-02T19:13:03.000,12,2023,Disturbance,Not Used,No Violations,0,VWilcox,2023-00098722-001,None,None
2023-00098355,JOHN J PARTINGTON WAY &  WASHINGTON ST,2023-12-01T15:33:00.000,12,2023,Warrant\Capias,BWARRANT-6D,BENCH WARRANT ISSUED FROM 6TH DISTRICT COURT,2,JMota,2023-00098355-001,None,None
2023-00502677,1500 Block SMITH ST,2023-11-30T19:12:04.000,11,2023,"Fraud, Swindle",11-49.1-3,IDENTITY FRAUD - FALSE PRETENSE,1,NField,2023-00502677-001,None,None
2023-00098082,ELMWOOD AVE,2023-11-30T15:53:00.000,11,2023,RI Statute Violation,36-M,DAMAGED VEHICLE,1,Central Station,2023-00098082-001,None,None
2023-00502674,0 Block LOCKWOOD ST,2023-11-30T15:11:48.000,11,2023,Vandalism,11-44-1,VANDALISM/MALICIOUS INJURY TO PROPERTY,1,NField,2023-00502674-001,None,None
2023-00097864,600 Block MT. PLEASANT AVE. AVE,2023-11-29T18:58:50.000,11,2023,Larceny from Building,11-41-1,LARCENY/U $1500 - FROM BLD,1,ABrodeur,2023-00097864-001,None,Larceny-theft
2023-00502660,W EXCHANGE ST,2023-11-29T09:34:16.000,11,2023,Vandalism,11-44-1,VANDALISM/MALICIOUS INJURY TO PROPERTY,1,NField,2023-00502660-001,None,None
2023-00502659,WEST EXCHANGE ST,2023-11-29T08:53:18.000,11,2023,Vandalism,11-44-1,VANDALISM/MALICIOUS INJURY TO PROPERTY,1,NField,2023-00502659-001,None,None
2023-00502658,W EXCHANGE ST,2023-11-28T22:35:11.000,11,2023,Larceny from Motor Vehicle,11-41-1,LARCENY/U $1500 - FROM MV,1,NField,2023-00502658-001,None,Larceny-theft
2023-00502656,W EXCHANGE ST,2023-11-28T22:24:11.000,11,2023,Vandalism,11-44-1,VANDALISM/MALICIOUS INJURY TO PROPERTY,1,NField,2023-00502656-001,None,None
2023-00502655,WEST EXCHANGE ST,2023-11-28T21:34:25.000,11,2023,Vandalism,11-44-1,VANDALISM/MALICIOUS INJURY TO PROPERTY,1,NField,2023-00502655-001,None,None
2023-00097543,OCEAN ST,2023-11-28T15:11:00.000,11,2023,Property Damage,Not Used,No violations,0,Central Station,2023-00097543-001,None,None
2023-00502644,100 Block N PARK ST,2023-11-27T15:52:39.000,11,2023,Larceny from Motor Vehicle,11-41-1,LARCENY/U $1500 - FROM MV,1,NField,2023-00502644-001,None,Larceny-theft
2023-00502637,100 Block COOMER HILL RD,2023-11-26T15:05:01.000,11,2023,"Fraud, Swindle",11-49.1-3,IDENTITY FRAUD - FALSE PRETENSE,1,NField,2023-00502637-001,None,None
2023-00096918,ALLENS AVE,2023-11-26T00:00:00.000,11,2023,Motor Vehicle Violation,Not Used,No Violations,0,RByfield,2023-00096918-001,None,None
2023-00502633,SPRUCE ST,2023-11-25T01:23:50.000,11,2023,Larceny from Motor Vehicle,11-41-1,LARCENY/U $1500 - FROM MV,1,MTroia,2023-00502633-001,None,Larceny-theft
2023-00096498,600 Block PLEASANT VALLEY PKY,2023-11-24T11:35:00.000,11,2023,Burglary,11-8-2,B&E DWELLING HOUSE W/O CONSENT,1,GScarcello,2023-00096498-001,None,Burglary
2023-00096169,CANAL ST  &  PARK ROW ST,2023-11-22T19:12:04.000,11,2023,Traffic Violation,31-27-2.2,DUI Liqour or Drugs Resulting in Death,1,JDeschamps,2023-00096169-001,None,None
2023-00096048,CHALKSTONE AVE,2023-11-22T11:09:00.000,11,2023,"Fraud, Swindle",11-49.1-3,IDENTITY FRAUD - FALSE PRETENSE,1,Central Station,2023-00096048-001,None,None
2023-00096037,MELROSE ST,2023-11-22T09:58:00.000,11,2023,Vandalism,11-44-1,VANDALISM/MALICIOUS INJURY TO PROPERTY,1,Central Station,2023-00096037-001,None,None
2023-00502609,CHARLES ST,2023-11-21T20:31:02.000,11,2023,Vandalism,11-44-1,VANDALISM/MALICIOUS INJURY TO PROPERTY,1,MTroia,2023-00502609-001,None,None
2023-00095576,DEAN ST,2023-11-20T19:34:00.000,11,2023,Property Damage,Not Used,No violations,0,Central Station,2023-00095576-001,None,None
2023-00095465,DEXTER ST,2023-11-20T10:51:00.000,11,2023,Larceny from Motor Vehicle,11-41-1,LARCENY/O $1500 - FROM MV,1,Central Station,2023-00095465-001,None,Larceny-theft
2023-00095460,0 Block LUONGO SQ,2023-11-20T10:30:00.000,11,2023,Trespass,Not Used,No Violations,0,SCooney,2023-00095460-001,None,None
2023-00095333,FRIENDSHIP ST,2023-11-19T20:10:00.000,11,2023,"Assault, Simple",11-5-3,SIMPLE ASSAULT OR BATTERY,1,Central Station,2023-00095333-001,None,None
2023-00502590,PARKING LOT ATWELLS & BROADWAY,2023-11-18T23:22:13.000,11,2023,Vandalism,11-44-1,VANDALISM/MALICIOUS INJURY TO PROPERTY,1,MTroia,2023-00502590-001,None,None
2023-00502583,REGENT,2023-11-18T19:02:25.000,11,2023,"Fraud, Credit Card",11-49-4,FRAUDULENT USE OF CREDIT CARDS,1,MTroia,2023-00502583-001,None,None
2023-00094427,N MAINST & RANDALL ST,2023-11-16T19:35:00.000,11,2023,Traffic Violation,31-9-1,Driving Without Consent of Owner,1,KEndres,2023-00094427-001,None,None
2023-00094335,100 Block KENNEDY PL,2023-11-16T15:24:31.000,11,2023,Disturbance,Not Used,No Violations,0,MKelley,2023-00094335-001,None,None
2023-00094243,0 Block LOUNGO SQUARE,2023-11-16T10:01:12.000,11,2023,Motor Vehicle Theft,11-41-1,LARCENY/O $1500 - AUTO THEFT,1,MCamardo,2023-00094243-001,None,Motor Vehicle Theft
2023-00502561,RADCLIFFE AVE,2023-11-14T22:50:09.000,11,2023,Vandalism,11-44-1,VANDALISM/MALICIOUS INJURY TO PROPERTY,1,NField,2023-00502561-001,None,None
2023-00093826,0 Block PARKIS ST,2023-11-14T17:21:49.000,11,2023,Auto Towed,Not Used,Parking or MV Violation,0,NColicci,2023-00093826-001,None,None
2023-00502556,RESERVOR AVE AVE,2023-11-14T14:41:39.000,11,2023,"Fraud, Credit Card",11-49-4,FRAUDULENT USE OF CREDIT CARDS,1,NField,2023-00502556-001,None,None
2023-00093523,400 Block PLEASANT VALLEY PKY,2023-11-13T12:26:00.000,11,2023,Defacing Property,Not Used,"Under Investigation, Offense Pending",0,GScarcello,2023-00093523-001,None,None
2023-00502542,"AVE,PROVIDENCE",2023-11-12T15:06:31.000,11,2023,Larceny from Motor Vehicle,11-41-1,LARCENY/U $1500 - FROM MV,1,NField,2023-00502542-001,None,Larceny-theft
2023-00502541,SMITH ST,2023-11-12T11:13:09.000,11,2023,Vandalism,11-44-1,VANDALISM/MALICIOUS INJURY TO PROPERTY,1,NField,2023-00502541-001,None,None
2023-00502539,SPRUCE STREET ST,2023-11-12T08:38:18.000,11,2023,Vandalism,11-44-1,VANDALISM/MALICIOUS INJURY TO PROPERTY,1,NField,2023-00502539-001,None,None
2023-00093208,0 Block RUTHGLEN AVE,2023-11-12T08:08:26.000,11,2023,"Larceny, Other",11-41-1,LARCENY/O $1500 - ALL OTH LARCENY,1,ADeschamps,2023-00093208-001,None,Larceny-theft
2023-00093179,200 Block HIGH SERVICE AVE,2023-11-12T02:56:00.000,11,2023,"Assault,Felony",Not Used,No violations,0,JLeroux,2023-00093179-001,Aggravated Assault,None
2023-00093090,PARK ST,2023-11-11T22:53:15.000,11,2023,Larceny from Motor Vehicle,11-41-1,LARCENY/O $1500 - FROM MV,1,MDuffy,2023-00093090-001,None,Larceny-theft
2023-00093085,PARK ST,2023-11-11T22:30:13.000,11,2023,Larceny from Motor Vehicle,11-41-1,LARCENY/U $1500 - FROM MV,1,MDuffy,2023-00093085-001,None,Larceny-theft
2023-00093053,100 Block SABIN ST,2023-11-11T20:14:00.000,11,2023,Disturbance,Not Used,No Violations,0,DAnderson,2023-00093053-001,None,None
2023-00093025,FRANCIS ST  &  AMERICAN EXPRESS PL,2023-11-11T18:29:41.000,11,2023,Traffic Violation,31-26-2,Duty to Stop in Accidents Resulting in Damage to Attended Vehicles,1,FLopez,2023-00093025-001,None,None
2023-00092994,DUDLEY ST,2023-11-11T16:21:00.000,11,2023,Vandalism,11-44-1,VANDALISM/MALICIOUS INJURY TO PROPERTY,1,Central Station,2023-00092994-001,None,None
2023-00502530,600 Block PAWTUCKET AVE AVE,2023-11-09T22:02:07.000,11,2023,Larceny from Motor Vehicle,11-41-1,LARCENY/U $1500 - FROM MV,1,NField,2023-00502530-001,None,Larceny-theft
2023-00092428,SILVERLAKE AREA,2023-11-09T18:01:00.000,11,2023,Larceny from Motor Vehicle,11-41-1,LARCENY/U $1500 - FROM MV,1,Central Station,2023-00092428-001,None,Larceny-theft
2023-00502514,ADELAIDE AVE,2023-11-06T20:28:22.000,11,2023,"Fraud, Swindle",11-49.1-3,IDENTITY FRAUD - FALSE PRETENSE,1,NField,2023-00502514-001,None,None
2023-00091366,POE ST &  BAY ST,2023-11-05T23:38:00.000,11,2023,Drug Offenses,21-28-4.01-C1A,POSSESSION OF SCHEDULE I II III,1,MPetteruto,2023-00091366-001,None,None
2023-00502505,PARK ST,2023-11-05T11:12:47.000,11,2023,Vandalism,11-44-1,VANDALISM/MALICIOUS INJURY TO PROPERTY,1,NField,2023-00502505-001,None,None
2023-00091200,100 Block SABIN ST,2023-11-05T09:02:00.000,11,2023,"Larceny, Other",11-41-1,LARCENY/O $1500 - ALL OTH LARCENY,1,GSlater,2023-00091200-001,None,Larceny-theft
2023-00091166,100 Block SABIN ST,2023-11-05T02:15:39.000,11,2023,Suspicious Person,Not Used,No Violations,0,NLaFazia,2023-00091166-001,None,None
2023-00502504,CLIFFORD ST,2023-11-05T01:33:03.000,11,2023,Larceny from Motor Vehicle,11-41-1,LARCENY/U $1500 - FROM MV,1,NField,2023-00502504-001,None,Larceny-theft
2023-00502501,UNK,2023-11-04T13:01:26.000,11,2023,"Fraud, Swindle",11-49.1-3,IDENTITY FRAUD - FALSE PRETENSE,1,NField,2023-00502501-001,None,None
2023-00090730,FINANCE WAY &  FRANCIS ST,2023-11-03T20:20:00.000,11,2023,Disturbance,Not Used,No Violations,0,CSimanski,2023-00090730-001,None,None
2023-00090660,100 Block SABIN ST,2023-11-03T16:36:00.000,11,2023,Suspicious Person,Not Used,No Violations,0,ACalle,2023-00090660-001,None,None
2023-00502496,900 Block CHARLES,2023-11-03T16:06:28.000,11,2023,"Larceny, Other",11-41-1,LARCENY/U $1500 - ALL OTH LARCENY,1,NField,2023-00502496-001,None,Larceny-theft
2023-00502487,FRIENDSHIP STREET,2023-11-02T19:52:39.000,11,2023,"Larceny, Other",11-41-1,LARCENY/U $1500 - ALL OTH LARCENY,1,NField,2023-00502487-001,None,Larceny-theft
2023-00502476,STREET,2023-11-01T20:31:25.000,11,2023,"Larceny, Other",11-41-1,LARCENY/U $1500 - OTH LAR,1,NField,2023-00502476-001,None,Larceny-theft
2023-00090072,BROAD ST,2023-11-01T15:52:00.000,11,2023,Suspicious Person,Not Used,No violations,0,Central Station,2023-00090072-001,None,None
2023-00090064,DYER ST,2023-11-01T15:27:00.000,11,2023,Malicious Mischief,Not Used,No violations,0,Central Station,2023-00090064-001,None,None
2023-00502472,PETTIS ST,2023-11-01T11:43:09.000,11,2023,Vandalism,11-44-1,VANDALISM/MALICIOUS INJURY TO PROPERTY,1,NField,2023-00502472-001,None,None
2023-00502470,BLACKSTONE ST,2023-11-01T10:48:30.000,11,2023,Larceny from Motor Vehicle,11-41-1,LARCENY/U $1500 - FROM MV,1,NField,2023-00502470-001,None,Larceny-theft
2023-00089934,UNKNOWN,2023-11-01T04:35:33.000,11,2023,"Assault, Simple",11-5-3,SIMPLE ASSAULT OR BATTERY,1,KBaxter,2023-00089934-001,None,None
2023-00089692,BELLEVUE AVE,2023-10-31T09:55:00.000,10,2023,"Fraud, Swindle",11-49.1-3,IDENTITY FRAUD - FALSE PRETENSE,1,Central Station,2023-00089692-001,None,None
2023-00089509,PROVIDENCE,2023-10-30T15:38:00.000,10,2023,Request for Assistance,Not Used,No violations,0,Central Station,2023-00089509-001,None,None
2023-00089490,FRANCIS ST &  MEMORIAL BLVD,2023-10-30T14:27:00.000,10,2023,Traffic Violation,31-11-18.1,"Driving after Denial, Revocation or Suspension for Misd.",1,JO,2023-00089490-001,None,None
2023-00089455,ERNEST ST,2023-10-30T12:10:00.000,10,2023,Larceny from Motor Vehicle,11-41-1,LARCENY/O $1500 - FROM MV,1,Central Station,2023-00089455-001,None,Larceny-theft
2023-00089427,0 Block ROGER WILLIAMS GRN,2023-10-30T09:13:50.000,10,2023,Larceny from Motor Vehicle,11-41-1,LARCENY/O $1500 - FROM MV,1,PSaravia,2023-00089427-001,None,Larceny-theft
2023-00502456,0 Block N CORLISS,2023-10-30T06:07:02.000,10,2023,"Fraud, Swindle",11-49.1-3,IDENTITY FRAUD - FALSE PRETENSE,1,NField,2023-00502456-001,None,None
2023-00502454,CLADRASTIS AVE & MAPLE AVE,2023-10-29T21:43:05.000,10,2023,Larceny from Motor Vehicle,11-41-1,LARCENY/U $1500 - FROM MV,1,NField,2023-00502454-001,None,Larceny-theft
2023-00502452,100 Block REEDSDALE RD,2023-10-29T19:15:44.000,10,2023,Larceny from Motor Vehicle,11-41-1,LARCENY/U $1500 - FROM MV,1,NField,2023-00502452-001,None,Larceny-theft
2023-00089251,RATHBONE ST,2023-10-29T15:02:00.000,10,2023,Vandalism,11-44-1,VANDALISM/MALICIOUS INJURY TO PROPERTY,1,Central Station,2023-00089251-001,None,None
2023-00089243,CLIFFORD STREET,2023-10-29T14:30:00.000,10,2023,Vandalism,11-44-1,VANDALISM/MALICIOUS INJURY TO PROPERTY,1,Central Station,2023-00089243-001,None,None
2023-00089244,0 Block DESOSTO ST. ST,2023-10-29T14:07:05.000,10,2023,"Assault, Simple",11-5-3,SIMPLE ASSAULT OR BATTERY,1,ABrodeur,2023-00089244-001,None,None
2023-00089180,E FRANKLIN ST & CLIFFORD ST,2023-10-29T07:29:00.000,10,2023,Vandalism,11-44-1,VANDALISM/MALICIOUS INJURY TO PROPERTY,1,MSheridan,2023-00089180-001,None,None
2023-00089168,100 Block SABIN ST,2023-10-29T06:46:10.000,10,2023,Disorderly Conduct,11-45-1,DISORDERLY CONDUCT,1,CFernandez,2023-00089168-001,None,None
2023-00089140,0 Block PLEASANT VALLEY,2023-10-29T03:38:42.000,10,2023,"Assault, Simple",11-5-3,SIMPLE ASSAULT OR BATTERY,1,DPalumbo,2023-00089140-001,None,None
2023-00502449,NORTH MAIN ST,2023-10-29T03:12:49.000,10,2023,Vandalism,11-44-1,VANDALISM/MALICIOUS INJURY TO PROPERTY,1,NField,2023-00502449-001,None,None
2023-00089122,WEYBOSSET ST,2023-10-29T02:58:54.000,10,2023,Assistance Rendered,Not Used,No Violations,0,MKelley,2023-00089122-001,None,None
2023-00502448,NORTH MAIN ST,2023-10-29T02:58:32.000,10,2023,Vandalism,11-44-1,VANDALISM/MALICIOUS INJURY TO PROPERTY,1,NField,2023-00502448-001,None,None
2023-00088947,UNION AVE,2023-10-28T20:09:00.000,10,2023,Request for Assistance,Not Used,No violations,0,Central Station,2023-00088947-001,None,None
2023-00502444,CLIFFORD ST,2023-10-28T17:30:34.000,10,2023,Vandalism,11-44-1,VANDALISM/MALICIOUS INJURY TO PROPERTY,1,NField,2023-00502444-001,None,None
2023-00502440,CLIFFORD ST,2023-10-28T12:53:02.000,10,2023,Vandalism,11-44-1,VANDALISM/MALICIOUS INJURY TO PROPERTY,1,NField,2023-00502440-001,None,None
2023-00502439,FC GREEN MEMORIAL BLVD,2023-10-28T11:50:38.000,10,2023,Vandalism,11-44-1,VANDALISM/MALICIOUS INJURY TO PROPERTY,1,NField,2023-00502439-001,None,None
2023-00502434,0 Block W CANAL ST,2023-10-27T23:59:21.000,10,2023,Vandalism,11-44-1,VANDALISM/MALICIOUS INJURY TO PROPERTY,1,NField,2023-00502434-001,None,None
2023-00502432,POCCASETT,2023-10-27T23:27:30.000,10,2023,"Larceny, Other",11-41-1,LARCENY/U $1500 - ALL OTH LARCENY,1,NField,2023-00502432-001,None,Larceny-theft
2023-00502426,NORTH MAIN ST,2023-10-27T22:14:50.000,10,2023,Vandalism,11-44-1,VANDALISM/MALICIOUS INJURY TO PROPERTY,1,NField,2023-00502426-001,None,None
2023-00502425,PINE HILL AVE,2023-10-27T22:00:15.000,10,2023,Larceny from Motor Vehicle,11-41-1,LARCENY/U $1500 - FROM MV,1,NField,2023-00502425-001,None,Larceny-theft
2023-00502421,F C GREENE MEMORIAL BLVD BLVD,2023-10-27T21:25:28.000,10,2023,Vandalism,11-44-1,VANDALISM/MALICIOUS INJURY TO PROPERTY,1,NField,2023-00502421-001,None,None
2023-00502419,UNIÃ“N ELERY,2023-10-27T20:31:42.000,10,2023,"Larceny, Other",11-41-1,LARCENY/U $1500 - ALL OTH LARCENY,1,NField,2023-00502419-001,None,Larceny-theft
2023-00502408,LINCOLN AVE,2023-10-27T08:45:03.000,10,2023,Vandalism,11-44-1,VANDALISM/MALICIOUS INJURY TO PROPERTY,1,NField,2023-00502408-001,None,None
2023-00502406,CLADRASTIS AVE  &  MAPLE AVE AVE,2023-10-27T00:36:58.000,10,2023,Larceny from Motor Vehicle,11-41-1,LARCENY/U $1500 - FROM MV,1,NField,2023-00502406-001,None,Larceny-theft
2023-00087819,STATE ST & ORMS ST  YR150,2023-10-25T11:08:00.000,10,2023,Motor Vehicle Violation,Not Used,No violations,0,JLanier,2023-00087819-001,None,None
2023-00502395,ASHBURN ST,2023-10-24T23:16:01.000,10,2023,Vandalism,11-44-1,VANDALISM/MALICIOUS INJURY TO PROPERTY,1,NField,2023-00502395-001,None,None
2023-00087530,200 Block O'CONNELL ST,2023-10-24T10:41:01.000,10,2023,Request for Assistance,Not Used,No Violations,0,RSanchez,2023-00087530-001,None,None
2023-00502384,SHERWOOD ST,2023-10-23T11:39:00.000,10,2023,Vandalism,11-44-1,VANDALISM/MALICIOUS INJURY TO PROPERTY,1,NField,2023-00502384-001,None,None
2023-00087220,LEGION MEMORIAL PARK,2023-10-23T10:10:10.000,10,2023,Assistance Rendered,Not Used,No Violations,0,MKelley,2023-00087220-001,None,None
2023-00502377,PINE,2023-10-22T11:48:05.000,10,2023,"Larceny, Other",11-41-1,LARCENY/U $1500 - ALL OTH LARCENY,1,NField,2023-00502377-001,None,Larceny-theft
2023-00086968,0 Block ROGER WILLIAMS GREEN,2023-10-22T10:53:43.000,10,2023,Motor Vehicle Theft,11-41-1,LARCENY/O $1500 - AUTO THE,1,TGomes,2023-00086968-001,None,Motor Vehicle Theft
2023-00502370,PARK ST,2023-10-21T22:19:04.000,10,2023,Vandalism,11-44-1,VANDALISM/MALICIOUS INJURY TO PROPERTY,1,MTroia,2023-00502370-001,None,None
2023-00502366,ELM ST,2023-10-21T12:05:42.000,10,2023,Larceny from Motor Vehicle,11-41-1,LARCENY/U $1500 - FROM MV,1,MTroia,2023-00502366-001,None,Larceny-theft
2023-00086665,100 Block SABIN ST,2023-10-21T11:02:00.000,10,2023,"Assault, Simple",11-5-3,SIMPLE ASSAULT OR BATTERY,1,Central Station,2023-00086665-001,None,None
2023-00502362,N N MAIN ST  &  THOMAS ST,2023-10-21T02:58:13.000,10,2023,Vandalism,11-44-1,VANDALISM/MALICIOUS INJURY TO PROPERTY,1,MTroia,2023-00502362-001,None,None
2023-00502358,CANAL ST,2023-10-20T23:42:56.000,10,2023,Vandalism,11-44-1,VANDALISM/MALICIOUS INJURY TO PROPERTY,1,MTroia,2023-00502358-001,None,None
2023-00502357,CANAL ST,2023-10-20T22:45:34.000,10,2023,Larceny from Motor Vehicle,11-41-1,LARCENY/U $1500 - FROM MV,1,MTroia,2023-00502357-001,None,Larceny-theft
2023-00085977,WALDO STREET,2023-10-19T09:04:00.000,10,2023,Prostitution,Not Used,"Under Investigation, Offense Pending",0,ECuri,2023-00085977-001,None,None
2023-00502346,FRANCIS ST,2023-10-18T21:12:41.000,10,2023,Larceny from Motor Vehicle,11-41-1,LARCENY/U $1500 - FROM MV,1,MTroia,2023-00502346-001,None,Larceny-theft
2023-00085825,0 Block BOWLET ST,2023-10-18T17:19:00.000,10,2023,Auto Towed,Not Used,Parking or MV Violation,0,MPetteruto,2023-00085825-001,None,None
2023-00085520,PAVILLION AVE,2023-10-17T18:16:00.000,10,2023,Motor Vehicle Theft,11-41-1,LARCENY/O $1500 - AUTO THEFT,1,Central Station,2023-00085520-001,None,Motor Vehicle Theft
2023-00085385,WEYBOSSET ST,2023-10-17T10:53:00.000,10,2023,"Larceny, Other",11-41-1,LARCENY/U $1500 - ALL OTH LARCENY,1,Central Station,2023-00085385-001,None,Larceny-theft
2023-00502327,100 Block WASHIGHTON ST,2023-10-16T13:38:31.000,10,2023,Vandalism,11-44-1,VANDALISM/MALICIOUS INJURY TO PROPERTY,1,MTroia,2023-00502327-001,None,None
2023-00502326,100 Block UNION,2023-10-16T13:13:31.000,10,2023,Vandalism,11-44-1,VANDALISM/MALICIOUS INJURY TO PROPERTY,1,MTroia,2023-00502326-001,None,None
2023-00085102,BODELL AVE,2023-10-16T11:36:00.000,10,2023,Request for Assistance,Not Used,No Violations,0,Central Station,2023-00085102-001,None,None
2023-00502322,GREENE ST,2023-10-16T11:14:32.000,10,2023,Vandalism,11-44-1,VANDALISM/MALICIOUS INJURY TO PROPERTY,1,MTroia,2023-00502322-001,None,None
2023-00502321,SPRAGUE ST,2023-10-16T10:08:50.000,10,2023,Vandalism,11-44-1,VANDALISM/MALICIOUS INJURY TO PROPERTY,1,MTroia,2023-00502321-001,None,None
2023-00502315,TROY STREET,2023-10-15T15:47:04.000,10,2023,Vandalism,11-44-1,VANDALISM/MALICIOUS INJURY TO PROPERTY,1,MTroia,2023-00502315-001,None,None
2023-00502305,0 Block BROADWAY ST,2023-10-15T09:42:54.000,10,2023,Vandalism,11-44-1,VANDALISM/MALICIOUS INJURY TO PROPERTY,1,MTroia,2023-00502305-001,None,None
2023-00084795,WASHINGTON ST,2023-10-15T02:52:00.000,10,2023,RI Statute Violation,36-M,DAMAGED VEHICLE,1,Central Station,2023-00084795-001,None,None
2023-00502310,300 Block CANAL ST,2023-10-14T23:19:49.000,10,2023,Vandalism,11-44-1,VANDALISM/MALICIOUS INJURY TO PROPERTY,1,MTroia,2023-00502310-001,None,None
2023-00502309,F C GREENE MEMORIAL BLVD,2023-10-14T23:17:11.000,10,2023,Vandalism,11-44-1,VANDALISM/MALICIOUS INJURY TO PROPERTY,1,MTroia,2023-00502309-001,None,None
2023-00084703,ATWELLS AVE,2023-10-14T22:42:00.000,10,2023,Larceny from Motor Vehicle,11-41-1,LARCENY/U $1500 - FROM MV,1,Central Station,2023-00084703-001,None,Larceny-theft
2023-00084698,ROSE AVE,2023-10-14T22:21:00.000,10,2023,Property Damage,Not Used,No violations,0,Central Station,2023-00084698-001,None,None
2023-00502308,ELMWOOD AVE,2023-10-14T21:56:50.000,10,2023,Larceny from Motor Vehicle,11-41-1,LARCENY/U $1500 - FROM MV,1,MTroia,2023-00502308-001,None,Larceny-theft
2023-00502307,NATURAL HISTORY AVE,2023-10-14T21:51:42.000,10,2023,Vandalism,11-44-1,VANDALISM/MALICIOUS INJURY TO PROPERTY,1,MTroia,2023-00502307-001,None,None
2023-00502294,CORNER OF HOSPITAL AND POINT,2023-10-13T16:07:03.000,10,2023,"Larceny, Other",11-41-1,LARCENY/U $1500 - ALL OTH LARCENY,1,MTroia,2023-00502294-001,None,Larceny-theft
2023-00083882,8000 Block CHALKSTONE AVENUE,2023-10-12T09:46:00.000,10,2023,"Assault, Simple",11-5-3,SIMPLE ASSAULT OR BATTERY,1,Central Station,2023-00083882-001,None,None
2023-00502279,100 Block WASHINGON ST,2023-10-11T12:31:44.000,10,2023,Larceny from Motor Vehicle,11-41-1,LARCENY/U $1500 - FROM MV,1,NField,2023-00502279-001,None,Larceny-theft
2023-00502276,JOHNSON & WALES UNIVERSITY,2023-10-10T22:24:27.000,10,2023,"Fraud, Swindle",11-49.1-3,IDENTITY FRAUD - FALSE PRETENSE,1,NField,2023-00502276-001,None,None
2023-00083015,0 Block KELLEY ST,2023-10-09T11:31:23.000,10,2023,Vandalism,11-44-1,VANDALISM/MALICIOUS INJURY TO PROPERTY,1,JCortorreal,2023-00083015-001,None,None
2023-00502264,FRANCIS ST,2023-10-08T18:11:41.000,10,2023,Vandalism,11-44-1,VANDALISM/MALICIOUS INJURY TO PROPERTY,1,NField,2023-00502264-001,None,None
2023-00082452,0 Block E GERORGE ST,2023-10-07T13:43:15.000,10,2023,Larceny from Motor Vehicle,11-41-1,LARCENY/O $1500 - FROM MV,1,CFernandez,2023-00082452-001,None,Larceny-theft
2023-00502256,ELM STREET,2023-10-07T10:51:15.000,10,2023,Vandalism,11-44-1,VANDALISM/MALICIOUS INJURY TO PROPERTY,1,NField,2023-00502256-001,None,None
2023-00502254,ELM ST,2023-10-07T09:44:03.000,10,2023,Vandalism,11-44-1,VANDALISM/MALICIOUS INJURY TO PROPERTY,1,NField,2023-00502254-001,None,None
2023-00081899,SAN SOUCI DR &  MANTON AVE,2023-10-06T01:08:00.000,10,2023,"Assault, Simple",11-5-3,SIMPLE ASSAULT OR BATTERY,1,BJohnson,2023-00081899-001,None,None
2023-00081899,SAN SOUCI DR &  MANTON AVE,2023-10-06T01:08:00.000,10,2023,Motor Vehicle Theft,11-41-1,LARCENY/O $1500 - AUTO THEFT,1,BJohnson,2023-00081899-002,None,Motor Vehicle Theft
2023-00081899,SAN SOUCI DR &  MANTON AVE,2023-10-06T01:08:00.000,10,2023,RI Statute Violation,11-1-6,CONSPIRACY - ALL OTH OFFENSE,1,BJohnson,2023-00081899-003,None,None
2023-00081899,SAN SOUCI DR &  MANTON AVE,2023-10-06T01:08:00.000,10,2023,Receiving Stolen Property,31-9-2,Possession of Stolen Vehicle or Parts,1,BJohnson,2023-00081899-004,None,None
2023-00081871,UNION AVE  &  SERVICE RD,2023-10-05T23:19:47.000,10,2023,RI Statute Violation,12-9-16,WARRANT OF ARREST ON AFFIDAVIT - ALL OTH OFFENSE,1,KBaxter,2023-00081871-001,None,None
2023-00081830,0 Block PLEASANT VALLEY PKY,2023-10-05T20:20:37.000,10,2023,"Assault, Simple",11-5-3,SIMPLE ASSAULT OR BATTERY,1,RSanchez,2023-00081830-001,None,None
2023-00081633,100 Block ANGEL ST,2023-10-05T08:16:00.000,10,2023,Alarm-Residental,Not Used,No Violations,0,GPereira,2023-00081633-001,None,None
2023-00081492,ATWELLS AVE,2023-10-04T19:38:00.000,10,2023,Stolen Property,Not Used,No violations,0,Central Station,2023-00081492-001,None,None
2023-00502232,ADELAIDE ST,2023-10-04T14:10:04.000,10,2023,"Fraud, Swindle",11-49.1-3,IDENTITY FRAUD - FALSE PRETENSE,1,NField,2023-00502232-001,None,None
2023-00081334,CRANSTON STREET,2023-10-04T09:47:00.000,10,2023,Prostitution,Not Used,"Under Investigation, Offense Pending",0,ECuri,2023-00081334-001,None,None
2023-00081306,300 Block WEST FOUNTAIN ST,2023-10-04T07:27:08.000,10,2023,Auto Towed,Not Used,Parking or MV Violation,0,JAbatiello,2023-00081306-001,None,None
2023-00080813,FRANCIS ST &  FINANCE WAY,2023-10-02T17:05:00.000,10,2023,"Assault,Simple",Not Used,"Under Investigation, Offense Pending",0,KHeron,2023-00080813-001,None,None
2023-00080742,SILVER SPRING ST,2023-10-02T14:20:00.000,10,2023,"Fraud, Credit Card",11-49-4,FRAUDULENT USE OF CREDIT CARDS,1,Central Station,2023-00080742-001,None,None
2023-00080484,BAILEY ST  &  WEBSTER AVE,2023-10-01T16:57:00.000,10,2023,RI Statute Violation,12-9-16,WARRANT OF ARREST ON AFFIDAVIT - ALL OTH OFFENSE,1,MFigueroa,2023-00080484-001,None,None
2023-00502210,PINE ST,2023-10-01T09:18:57.000,10,2023,Vandalism,11-44-1,VANDALISM/MALICIOUS INJURY TO PROPERTY,1,NField,2023-00502210-001,None,None
2023-00502206,EDDY ST,2023-09-30T23:26:37.000,9,2023,Vandalism,11-44-1,VANDALISM/MALICIOUS INJURY TO PROPERTY,1,NField,2023-00502206-001,None,None
2023-00080019,200 Block SHIPYARD ST,2023-09-30T07:59:57.000,9,2023,Larceny from Motor Vehicle,11-41-1,LARCENY/U $1500 - FROM MV,1,NULL,2023-00080019-001,None,Larceny-theft
2023-00079927,SMITH ST,2023-09-29T23:16:00.000,9,2023,Vandalism,11-44-1,VANDALISM/MALICIOUS INJURY TO PROPERTY,1,Central Station,2023-00079927-001,None,None
2023-00079927,SMITH ST,2023-09-29T23:16:00.000,9,2023,Larceny from Motor Vehicle,11-41-1,LARCENY/O $1500 - FROM MV,1,Central Station,2023-00079927-002,None,Larceny-theft
2023-00502195,SOUTH ST,2023-09-29T16:04:00.000,9,2023,Vandalism,11-44-1,VANDALISM/MALICIOUS INJURY TO PROPERTY,1,NField,2023-00502195-001,None,None
2023-00502192,SMITH,2023-09-29T06:30:42.000,9,2023,Vandalism,11-44-1,VANDALISM/MALICIOUS INJURY TO PROPERTY,1,NField,2023-00502192-001,None,None
2023-00079497,200 Block SPRAGUE AVE,2023-09-28T13:54:00.000,9,2023,Stolen Vehicle\Recovered,Not Used,No Violations,0,NULL,2023-00079497-001,None,None
2023-00079466,UNION AVE,2023-09-28T12:05:00.000,9,2023,Robbery,11-39-1,ROBBERY-2ND DEGREE,1,Central Station,2023-00079466-001,Robbery,None
2023-00079195,ORMS ST &  PARK ST,2023-09-27T12:13:00.000,9,2023,RI Statute Violation,11-32-1,OBSTRUCTING OFFICER IN EXECUTION OF DUTY,1,BMurphy,2023-00079195-001,None,None
2023-00079195,ORMS ST &  PARK ST,2023-09-27T12:13:00.000,9,2023,Tresspassing,11-44-26,WILLFUL TRESPASS,1,BMurphy,2023-00079195-002,None,None
2023-00079161,400 Block PLEASANT VALLEY PKY,2023-09-27T10:14:00.000,9,2023,Stolen Vehicle\Recovered,Not Used,No Violations,0,GScarcello,2023-00079161-001,None,None
2023-00079148,10  &  DEAN ST,2023-09-27T09:20:57.000,9,2023,Auto Towed,Not Used,Parking or MV Violation,0,JDeschamps,2023-00079148-001,None,None
2023-00078985,HILLWOOD ST  &  WEBSTER AVE,2023-09-26T19:41:00.000,9,2023,Warrant\Capias,BWARRANT-6D,BENCH WARRANT ISSUED FROM 6TH DISTRICT COURT,1,NEastman,2023-00078985-001,None,None
2023-00502160,FRIENDSHIP ST,2023-09-26T02:40:04.000,9,2023,Larceny from Motor Vehicle,11-41-1,LARCENY/U $1500 - FROM MV,1,NField,2023-00502160-001,None,Larceny-theft
2023-00078496,GREEN STREET,2023-09-25T08:29:00.000,9,2023,Larceny from Motor Vehicle,11-41-1,LARCENY/O $1500 - FROM MV,1,Central Station,2023-00078496-001,None,Larceny-theft
2023-00502129,BATTEY STREET,2023-09-24T13:10:03.000,9,2023,Vandalism,11-44-1,VANDALISM/MALICIOUS INJURY TO PROPERTY,1,NField,2023-00502129-001,None,None
2023-00078214,N MAIN ST &  SMITH ST,2023-09-24T02:27:00.000,9,2023,DUI,31-27-2,Driving Under the Influence of Liqour or Drugs (=>.08<.1),1,LSan Lucas,2023-00078214-001,None,None
2023-00078214,N MAIN ST &  SMITH ST,2023-09-24T02:27:00.000,9,2023,DUI,31-27-2.1,Chemical Test Refusal,1,LSan Lucas,2023-00078214-002,None,None
2023-00078121,CRANSTON ST,2023-09-23T21:26:00.000,9,2023,Request for Assistance,Not Used,No violations,0,Central Station,2023-00078121-001,None,None
2023-00077993,BROAD ST,2023-09-23T10:50:00.000,9,2023,Vandalism,11-44-1,VANDALISM/MALICIOUS INJURY TO PROPERTY,1,JAndrade,2023-00077993-001,None,None
2023-00077917,0 Block PLEASANT VALLEY,2023-09-23T02:55:13.000,9,2023,Vandalism,11-44-1,VANDALISM/MALICIOUS INJURY TO PROPERTY,1,DPalumbo,2023-00077917-001,None,None
2023-00077917,0 Block PLEASANT VALLEY,2023-09-23T02:55:13.000,9,2023,Larceny from Motor Vehicle,11-41-1,LARCENY/U $1500 - FROM MV,1,DPalumbo,2023-00077917-002,None,Larceny-theft
2023-00077915,AGNES ST,2023-09-23T02:55:00.000,9,2023,Larceny from Motor Vehicle,11-41-1,LARCENY/U $1500 - FROM MV,1,Central Station,2023-00077915-001,None,Larceny-theft
2023-00077726,0 Block OBSORN ST,2023-09-22T17:37:11.000,9,2023,Request for Assistance,Not Used,No Violations,0,RSanchez,2023-00077726-001,None,None
2023-00077713,POE ST &  BAY ST,2023-09-22T17:11:00.000,9,2023,Narcotics Violation,Not Used,"Under Investigation, Offense Pending",0,DForte,2023-00077713-001,None,None
2023-00502117,SACKETT ST,2023-09-22T02:00:01.000,9,2023,"Larceny, Other",11-41-1,LARCENY/U $1500 - ALL OTH LARCENY,1,NField,2023-00502117-001,None,Larceny-theft
2023-00077303,WEST FOUNTAIN ST,2023-09-21T13:30:00.000,9,2023,Larceny from Motor Vehicle,11-41-1,LARCENY/U $1500 - FROM MV,1,Central Station,2023-00077303-001,None,Larceny-theft
2023-00077243,TRAVERSE ST & BESSIE WAY,2023-09-21T10:20:00.000,9,2023,Auto Towed,Not Used,Parking or MV Violation,0,AHampton,2023-00077243-001,None,None
2023-00077090,CHALKSTONE AVE,2023-09-20T20:09:00.000,9,2023,Disorderly Conduct,11-45-1,DISORDERLY CONDUCT,1,Central Station,2023-00077090-001,None,None
2023-00077073,CRANSTON ST,2023-09-20T18:48:48.000,9,2023,"Assault, Simple",11-5-3,SIMPLE ASSAULT OR BATTERY,1,ADeschamps,2023-00077073-001,None,None
2023-00076986,600 Block UNION ST,2023-09-20T14:22:47.000,9,2023,"Assault, Simple",11-5-3,SIMPLE ASSAULT OR BATTERY,1,ADeschamps,2023-00076986-001,None,None
2023-00076968,700 Block CAHIR ST,2023-09-20T13:42:00.000,9,2023,"Fraud, Swindle",11-49.1-3,IDENTITY FRAUD - FALSE PRETENSE,1,Central Station,2023-00076968-001,None,None
2023-00076931,ORMS ST &  OVERPASS,2023-09-20T11:01:27.000,9,2023,"Assault, Simple",11-5-1,ASSAULT W/ INTENT TO COMMIT A FELONY - MINOR INJURY,1,ILiriano,2023-00076931-001,None,None
2023-00076891,300 Block BARROWS ST,2023-09-20T08:15:08.000,9,2023,Motor Vehicle Theft,11-41-1,LARCENY/O $1500 - AUTO THEFT,1,SSesay,2023-00076891-001,None,Motor Vehicle Theft
2023-00076392,PRAIRIE AVE,2023-09-18T12:09:00.000,9,2023,Suspicious Person,Not Used,No violations,0,Central Station,2023-00076392-001,None,None
2023-00076168,HARTFORD AVE,2023-09-17T18:12:00.000,9,2023,Stolen Vehicle\Recovered,Not Used,No violations,0,Central Station,2023-00076168-001,None,None
2023-00502091,0 Block ATWELLS,2023-09-16T20:39:59.000,9,2023,Vandalism,11-44-1,VANDALISM/MALICIOUS INJURY TO PROPERTY,1,MTroia,2023-00502091-001,None,None
2023-00502086,HUBER AVE,2023-09-16T13:23:01.000,9,2023,"Larceny, Other",11-41-1,LARCENY/U $1500 - OTH LAR,1,MTroia,2023-00502086-001,None,Larceny-theft
2023-00502084,TOCKWOTTON ST,2023-09-16T10:19:01.000,9,2023,Larceny from Motor Vehicle,11-41-1,LARCENY/U $1500 - FROM MV,1,MTroia,2023-00502084-001,None,Larceny-theft
2023-00502078,SOUTH MAIN STREET,2023-09-15T16:35:47.000,9,2023,Larceny from Motor Vehicle,11-41-1,LARCENY/U $1500 - FROM MV,1,MTroia,2023-00502078-001,None,Larceny-theft
2023-00075294,MEMORIAL BLVD &  CRAWFORD ST,2023-09-14T23:20:00.000,9,2023,Traffic Violation,31-22-2,Restriction on Backing - Improper Backing,1,RAbenante,2023-00075294-001,None,None
2023-00075294,MEMORIAL BLVD &  CRAWFORD ST,2023-09-14T23:20:00.000,9,2023,Traffic Violation,31-16-5,Turn Signal Required,1,RAbenante,2023-00075294-002,None,None
2023-00075294,MEMORIAL BLVD &  CRAWFORD ST,2023-09-14T23:20:00.000,9,2023,DUI,31-27-2.1,Chemical Test Refusal,1,RAbenante,2023-00075294-003,None,None
2023-00075294,MEMORIAL BLVD &  CRAWFORD ST,2023-09-14T23:20:00.000,9,2023,DUI,31-27-2,Driving Under the Influence of Liqour or Drugs (=>.08<.1),1,RAbenante,2023-00075294-004,None,None
2023-00502072,WEYBOSSET ST,2023-09-14T21:37:28.000,9,2023,Larceny from Motor Vehicle,11-41-1,LARCENY/U $1500 - FROM MV,1,NField,2023-00502072-001,None,Larceny-theft
2023-00502071,0 Block MARKET ST,2023-09-14T19:50:24.000,9,2023,"Fraud, Credit Card",11-49-4,FRAUDULENT USE OF CREDIT CARDS,1,NField,2023-00502071-001,None,None
2023-00075179,DORRANCE ST &  FRANCIS ST,2023-09-14T16:28:00.000,9,2023,Warrant\Capias,BWARRANT-SC,BENCH WARRANT ISSUED FROM SUPERIOR COURT,3,KHeron,2023-00075179-001,None,None
2023-00502066,STOKE ST,2023-09-14T06:21:04.000,9,2023,Vandalism,11-44-1,VANDALISM/MALICIOUS INJURY TO PROPERTY,1,NField,2023-00502066-001,None,None
2023-00502059,0 Block DE PENIDO ST,2023-09-13T08:25:39.000,9,2023,Larceny from Motor Vehicle,11-41-1,LARCENY/U $1500 - FROM MV,1,NField,2023-00502059-001,None,Larceny-theft
2023-00074766,0 Block PLEASANT VALLEY PKY,2023-09-13T06:00:30.000,9,2023,Auto Towed,Not Used,Parking or MV Violation,0,LPrete,2023-00074766-001,None,None
2023-00502057,EMPIRE ST,2023-09-12T16:05:47.000,9,2023,"Larceny, Other",11-41-1,LARCENY/U $1500 - ALL OTH LARCENY,1,NField,2023-00502057-001,None,Larceny-theft
2023-00502051,N MAIN ST,2023-09-12T06:01:48.000,9,2023,"Larceny, Other",11-41-1,LARCENY/U $1500 - ALL OTH LARCENY,1,NField,2023-00502051-001,None,Larceny-theft
2023-00502048,100 Block CALVERLEY  ST ST,2023-09-11T18:06:30.000,9,2023,"Larceny, Other",11-41-1,LARCENY/U $1500 - ALL OTH LARCENY,1,NField,2023-00502048-001,None,Larceny-theft
2023-00502043,TANNER ST,2023-09-10T19:45:38.000,9,2023,"Larceny, Other",11-41-1,LARCENY/U $1500 - OTH LAR,1,MTroia,2023-00502043-001,None,Larceny-theft
2023-00073937,VELLEY STREET & GENNARO PLAZA,2023-09-10T13:50:09.000,9,2023,Auto Towed,Not Used,Parking or MV Violation,0,JLugo,2023-00073937-001,None,None
2023-00502039,CLIFFORD X E FRANKLIN ST,2023-09-10T11:00:02.000,9,2023,Larceny from Motor Vehicle,11-41-1,LARCENY/U $1500 - FROM MV,1,MTroia,2023-00502039-001,None,Larceny-theft
2023-00502037,TROY,2023-09-10T04:51:42.000,9,2023,Larceny from Motor Vehicle,11-41-1,LARCENY/U $1500 - FROM MV,1,MTroia,2023-00502037-001,None,Larceny-theft
2023-00502036,TROY,2023-09-10T04:17:27.000,9,2023,Vandalism,11-44-1,VANDALISM/MALICIOUS INJURY TO PROPERTY,1,MTroia,2023-00502036-001,None,None
2023-00073690,CANAL ST,2023-09-09T22:21:07.000,9,2023,Larceny from Motor Vehicle,11-41-1,LARCENY/U $1500 - FROM MV,1,MDuffy,2023-00073690-001,None,Larceny-theft
2023-00073669,CANAL ST,2023-09-09T21:22:47.000,9,2023,Larceny from Motor Vehicle,11-41-1,LARCENY/U $1500 - FROM MV,1,MDuffy,2023-00073669-001,None,Larceny-theft
2023-00502030,PALLAS ST,2023-09-09T15:57:29.000,9,2023,Vandalism,11-44-1,VANDALISM/MALICIOUS INJURY TO PROPERTY,1,MTroia,2023-00502030-001,None,None
2023-00502026,PINE ST,2023-09-09T09:04:56.000,9,2023,Vandalism,11-44-1,VANDALISM/MALICIOUS INJURY TO PROPERTY,1,MTroia,2023-00502026-001,None,None
2023-00502025,MELROSE AVE,2023-09-09T08:48:40.000,9,2023,Vandalism,11-44-1,VANDALISM/MALICIOUS INJURY TO PROPERTY,1,MTroia,2023-00502025-001,None,None
2023-00073457,0 Block PLEASANT VALLEY PKY,2023-09-09T05:52:00.000,9,2023,"Larceny, Shoplifting",11-41-20,SHOPLIFTING-MISD - SHOPLIFTING,1,RSavage,2023-00073457-001,None,Larceny-theft
2023-00073431,FRIENDSHIP ST  &  EAST FRANKLIN ST,2023-09-09T01:51:07.000,9,2023,Larceny from Motor Vehicle,11-41-1,LARCENY/U $1500 - FROM MV,1,IBarbosa,2023-00073431-001,None,Larceny-theft
2023-00073431,FRIENDSHIP ST  &  EAST FRANKLIN ST,2023-09-09T01:51:07.000,9,2023,Vandalism,11-44-1,VANDALISM/MALICIOUS INJURY TO PROPERTY,1,IBarbosa,2023-00073431-002,None,None
2023-00073210,0 Block PLEASANT VALLEY PKY,2023-09-08T14:16:00.000,9,2023,Auto Towed,Not Used,Parking or MV Violation,0,FTavares,2023-00073210-001,None,None
2023-00073183,FRANCIS ST,2023-09-08T11:52:28.000,9,2023,Larceny from Motor Vehicle,11-41-1,LARCENY/U $1500 - FROM MV,1,LAndreozzi,2023-00073183-001,None,Larceny-theft
2023-00502016,N & A,2023-09-07T15:07:52.000,9,2023,"Fraud, Swindle",11-49.1-3,IDENTITY FRAUD - FALSE PRETENSE,1,NField,2023-00502016-001,None,None
2023-00072852,BROAD ST,2023-09-07T11:37:00.000,9,2023,Vandalism,11-44-1,VANDALISM/MALICIOUS INJURY TO PROPERTY,1,Central Station,2023-00072852-001,None,None
2023-00072757,ATWELLS AVE,2023-09-07T02:39:00.000,9,2023,Larceny from Motor Vehicle,11-41-1,LARCENY/O $1500 - FROM MV,1,Central Station,2023-00072757-001,None,Larceny-theft
2023-00072541,NASHUA ST,2023-09-06T12:16:00.000,9,2023,Disturbance,Not Used,No Violations,0,JMadeira,2023-00072541-001,None,None
2023-00502004,0 Block SILVER LAKE ST,2023-09-05T10:58:17.000,9,2023,Larceny from Motor Vehicle,11-41-1,LARCENY/U $1500 - FROM MV,1,NField,2023-00502004-001,None,Larceny-theft
2023-00072063,EXCHANGE ST &  FINANCE WAY,2023-09-05T00:41:00.000,9,2023,Robbery,11-39-1,ROBBERY-1ST DEGREE,1,LFerreras,2023-00072063-001,Robbery,None
2023-00071982,0 Block BOWLET ST,2023-09-04T20:07:00.000,9,2023,Breaking and Entering,Not Used,"Under Investigation, Offense Pending",0,MPetteruto,2023-00071982-001,None,Burglary
2023-00071790,BAY ST &  POE ST,2023-09-04T02:47:00.000,9,2023,Dispersals,Not Used,No violations,0,SSesay,2023-00071790-001,None,None
2023-00501992,PINE ST,2023-09-03T03:31:30.000,9,2023,Vandalism,11-44-1,VANDALISM/MALICIOUS INJURY TO PROPERTY,1,NField,2023-00501992-001,None,None
2023-00071334,BAY ST &  POE ST,2023-09-02T23:48:00.000,9,2023,Drug Offenses,21-28-4.01-C1A,POSSESSION OF SCHEDULE I II III,1,NEastman,2023-00071334-001,None,None
2023-00501988,POE ST,2023-09-02T10:16:19.000,9,2023,Larceny from Motor Vehicle,11-41-1,LARCENY/U $1500 - FROM MV,1,NField,2023-00501988-001,None,Larceny-theft
2023-00501987,PINE ST. &  EAST FRANKLIN ST. ST,2023-09-02T06:24:06.000,9,2023,Vandalism,11-44-1,VANDALISM/MALICIOUS INJURY TO PROPERTY,1,NField,2023-00501987-001,None,None
2023-00070772,ALLENS AVE,2023-09-01T15:31:00.000,9,2023,RI Statute Violation,36-M,DAMAGED VEHICLE,1,Central Station,2023-00070772-001,None,None
2023-00501982,UNION ST,2023-09-01T14:30:33.000,9,2023,Vandalism,11-44-1,VANDALISM/MALICIOUS INJURY TO PROPERTY,1,NField,2023-00501982-001,None,None
2023-00070519,100 Block SABIN ST,2023-08-31T17:02:00.000,8,2023,Fraud,Not Used,"Under Investigation, Offense Pending",0,CSimanski,2023-00070519-001,None,None
2023-00070155,0 Block VASSAR ST,2023-08-30T14:02:33.000,8,2023,Property Damage,Not Used,No violations,0,TGomes,2023-00070155-001,None,None
2023-00069898,N MAIN ST,2023-08-29T17:44:00.000,8,2023,RI Statute Violation,36-M,DAMAGED VEHICLE,1,Central Station,2023-00069898-001,None,None
2023-00069851,0 Block PLEASANT VALLEY,2023-08-29T15:02:01.000,8,2023,"Larceny, Shoplifting",11-41-20,SHOPLIFTING-MISD - SHOPLIFTING,1,RRaso,2023-00069851-001,None,Larceny-theft
2023-00069754,0 Block WHELAND RD,2023-08-29T09:49:11.000,8,2023,Auto Towed,Not Used,Parking or MV Violation,0,CVingi,2023-00069754-001,None,None
2023-00069229,4800 Block LIEGE ST,2023-08-27T17:06:32.000,8,2023,Fraud,Not Used,"Under Investigation, Offense Pending",0,SCerullo,2023-00069229-001,None,None
2023-00069086,RICOM WAY,2023-08-27T03:22:49.000,8,2023,Dispersals,Not Used,No Violations,0,CAlves,2023-00069086-001,None,None
2023-00501937,FRIENDSHIP ST,2023-08-27T03:03:45.000,8,2023,Larceny from Motor Vehicle,11-41-1,LARCENY/U $1500 - FROM MV,1,NField,2023-00501937-001,None,Larceny-theft
2023-00501936,AURORA ST,2023-08-27T02:13:58.000,8,2023,Vandalism,11-44-1,VANDALISM/MALICIOUS INJURY TO PROPERTY,1,NField,2023-00501936-001,None,None
2023-00068789,GLENHAM ST,2023-08-26T15:01:00.000,8,2023,"Larceny, Other",11-41-1,LARCENY/U $1500 - ALL OTH LARCENY,1,Central Station,2023-00068789-001,None,Larceny-theft
2023-00501929,100 Block ANGEL ST,2023-08-25T19:39:02.000,8,2023,"Fraud, Credit Card",11-49-4,FRAUDULENT USE OF CREDIT CARDS,1,NField,2023-00501929-001,None,None
2023-00068310,SHANLEY HALL,2023-08-24T23:51:41.000,8,2023,Larceny from Building,11-41-1,LARCENY/U $1500 - FROM BLD,1,JBenros,2023-00068310-001,None,Larceny-theft
2023-00068012,400 Block PLEASANT VALLEY PKY,2023-08-24T01:26:00.000,8,2023,"Assault,Simple",Not Used,"Under Investigation, Offense Pending",0,AIn,2023-00068012-001,None,None
2023-00067972,600 Block S WATER,2023-08-23T22:54:00.000,8,2023,Vandalism,11-44-1,VANDALISM/MALICIOUS INJURY TO PROPERTY,1,DPalumbo,2023-00067972-001,None,None
2023-00067607,0 Block DARTMOUTH ST,2023-08-22T22:26:47.000,8,2023,"Assault, Simple",11-5-3,SIMPLE ASSAULT OR BATTERY,2,SSage,2023-00067607-001,None,None
2023-00501906,N & A ST,2023-08-22T15:05:37.000,8,2023,"Fraud, Credit Card",11-49-4,FRAUDULENT USE OF CREDIT CARDS,1,NField,2023-00501906-001,None,None
2023-00067442,0 Block KELLEY ST,2023-08-22T12:26:00.000,8,2023,Drug Offenses,21-28-4.01-C1A,POSSESSION OF SCHEDULE I II III,1,NEastman,2023-00067442-001,None,None
2023-00501903,BROAD ST,2023-08-22T10:30:35.000,8,2023,Vandalism,11-44-1,VANDALISM/MALICIOUS INJURY TO PROPERTY,1,NField,2023-00501903-001,None,None
2023-00067266,MANTON AVE,2023-08-21T19:20:00.000,8,2023,Request for Assistance,Not Used,No violations,0,Central Station,2023-00067266-001,None,None
2023-00067228,FULTON ST  &  ARCADE ST,2023-08-21T16:57:00.000,8,2023,"Larceny, Other",11-41-1,LARCENY/U $1500 - ALL OTH LARCENY,1,Central Station,2023-00067228-001,None,Larceny-theft
2023-00067188,ALLENS AVE,2023-08-21T15:03:00.000,8,2023,Request for Assistance,Not Used,No violations,0,Central Station,2023-00067188-001,None,None
2023-00066904,FRIENDSHIP ST & JOHN PARRINGTON,2023-08-20T18:55:00.000,8,2023,Disorderly Conduct,11-45-1,DISORDERLY CONDUCT,1,DPalumbo,2023-00066904-001,None,None
2023-00501880,ATWELLS AVE,2023-08-20T04:26:30.000,8,2023,Vandalism,11-44-1,VANDALISM/MALICIOUS INJURY TO PROPERTY,1,NField,2023-00501880-001,None,None
2023-00066552,HAWKINS ST  &  STATE 146,2023-08-19T20:36:46.000,8,2023,Traffic Violation,31-26-2,Duty to Stop in Accidents Resulting in Damage to Attended Vehicles,1,FLopez,2023-00066552-001,None,None
2023-00065914,0 Block THOMAS SPANN WAY,2023-08-17T18:52:00.000,8,2023,"Assault, Simple",11-5-3,SIMPLE ASSAULT OR BATTERY,1,TSavard,2023-00065914-001,None,None
2023-00065816,TINGLEY STREET,2023-08-17T13:46:00.000,8,2023,"Larceny, Other",11-41-1,LARCENY/U $1500 - ALL OTH LARCENY,1,Central Station,2023-00065816-001,None,Larceny-theft
2023-00064787,MARLBOROUGH AVE,2023-08-13T23:53:00.000,8,2023,Weapons,11-47-8-A,LICENSE OR PERMIT REQUIRED FOR CARRYING PISTOL,1,MPesola,2023-00064787-001,None,None
2023-00064481,FRIENDSHIP ST,2023-08-13T03:47:00.000,8,2023,"Larceny, Other",11-41-1,LARCENY/O $1500 - ALL OTH LARCENY,1,Central Station,2023-00064481-001,None,Larceny-theft
2023-00064481,FRIENDSHIP ST,2023-08-13T03:47:00.000,8,2023,Vandalism,11-44-1,VANDALISM/MALICIOUS INJURY TO PROPERTY,1,Central Station,2023-00064481-002,None,None
2023-00501835,FRIENDSHIP ST,2023-08-13T02:46:51.000,8,2023,Larceny from Motor Vehicle,11-41-1,LARCENY/U $1500 - FROM MV,1,NField,2023-00501835-001,None,Larceny-theft
2023-00501834,CORNER OF SPRUCE AND DALE,2023-08-12T23:35:12.000,8,2023,Larceny from Motor Vehicle,11-41-1,LARCENY/U $1500 - FROM MV,1,NField,2023-00501834-001,None,Larceny-theft
2023-00501832,SPRUCE,2023-08-12T22:20:51.000,8,2023,Vandalism,11-44-1,VANDALISM/MALICIOUS INJURY TO PROPERTY,1,NField,2023-00501832-001,None,None
2023-00064140,0 Block KELLEY ST,2023-08-12T10:32:00.000,8,2023,"Assault, Simple",11-5-3,SIMPLE ASSAULT OR BATTERY,1,DRosso,2023-00064140-001,None,None
2023-00064140,0 Block KELLEY ST,2023-08-12T10:32:00.000,8,2023,Burglary,11-8-2.3,B&E DWELLING OF PERSON OVER 60,1,DRosso,2023-00064140-002,None,Burglary
2023-00501823,400 Block ELM ST,2023-08-12T03:18:40.000,8,2023,Vandalism,11-44-1,VANDALISM/MALICIOUS INJURY TO PROPERTY,1,NField,2023-00501823-001,None,None
2023-00501804,300 Block CORLISS ST,2023-08-09T19:33:46.000,8,2023,Larceny from Motor Vehicle,11-41-1,LARCENY/U $1500 - FROM MV,1,NField,2023-00501804-001,None,Larceny-theft
2023-00063285,NIAGARA ST,2023-08-09T16:41:00.000,8,2023,Request for Assistance,Not Used,No violations,0,Central Station,2023-00063285-001,None,None
2023-00063213,SMITH ST,2023-08-09T12:59:00.000,8,2023,"Assault, Simple",11-5-3,SIMPLE ASSAULT OR BATTERY,1,Central Station,2023-00063213-001,None,None
2023-00063185,NEWBURY ST,2023-08-09T10:48:00.000,8,2023,Assistance Rendered,Not Used,No Violations,0,TCalandra,2023-00063185-001,None,None
2023-00063141,S MAIN ST,2023-08-09T03:33:00.000,8,2023,Vandalism,11-44-1,VANDALISM/MALICIOUS INJURY TO PROPERTY,1,Central Station,2023-00063141-001,None,None
2023-00063053,0 Block KELLEY ST,2023-08-08T17:29:00.000,8,2023,Tresspassing,11-44-26,WILLFUL TRESPASS,1,MFigueroa,2023-00063053-001,None,None
2023-00062967,SMITH STREET,2023-08-08T10:41:00.000,8,2023,Larceny from Motor Vehicle,11-41-1,LARCENY/O $1500 - FROM MV,1,Central Station,2023-00062967-001,None,Larceny-theft
2023-00501793,SPRUCE ST,2023-08-08T00:15:26.000,8,2023,Vandalism,11-44-1,VANDALISM/MALICIOUS INJURY TO PROPERTY,1,NField,2023-00501793-001,None,None
2023-00062632,0 Block PLEASANT VALLEY,2023-08-07T00:01:32.000,8,2023,"Larceny, Other",11-41-1,LARCENY/U $1500 - ALL OTH LARCENY,1,GSans-Souci,2023-00062632-001,None,Larceny-theft
2023-00501782,0 Block LUONGO SQ,2023-08-05T13:20:15.000,8,2023,Larceny from Motor Vehicle,11-41-1,LARCENY/U $1500 - FROM MV,1,NField,2023-00501782-001,None,Larceny-theft
2023-00501781,SPRUCE ST,2023-08-05T03:12:49.000,8,2023,Larceny from Motor Vehicle,11-41-1,LARCENY/U $1500 - FROM MV,1,NField,2023-00501781-001,None,Larceny-theft
2023-00061631,DUPONT AVE,2023-08-04T09:03:16.000,8,2023,"Assault, Simple",11-5-3,SIMPLE ASSAULT/BATTERY,1,ADeschamps,2023-00061631-001,None,None
2023-00061567,FINANCE WAY &  FRANCIS ST,2023-08-04T00:14:00.000,8,2023,Warrant\Capias,BWARRANT-SC,BENCH WARRANT ISSUED FROM SUPERIOR COURT,3,NAyala,2023-00061567-001,None,None
2023-00501775,CLIFFORD ST,2023-08-03T16:42:13.000,8,2023,Vandalism,11-44-1,VANDALISM/MALICIOUS INJURY TO PROPERTY,1,NField,2023-00501775-001,None,None
2023-00061411,CRANSTON ST,2023-08-03T14:03:00.000,8,2023,Drug Offenses,21-28-4.01-C1A,POSSESSION OF SCHEDULE I II III,1,EAlarcon,2023-00061411-001,None,None
2023-00061345,0 Block ROGER WILLIAMS GRN,2023-08-03T07:44:00.000,8,2023,Vandalism,11-44-1,VANDALISM/MALICIOUS INJURY TO PROPERTY,1,KPoplaski,2023-00061345-001,None,None
2023-00501767,0 Block PROVIDENCE,2023-08-02T17:10:24.000,8,2023,"Larceny, Other",11-41-1,LARCENY/U $1500 - ALL OTH LARCENY,1,NField,2023-00501767-001,None,Larceny-theft
2023-00060991,FILLMORE ST,2023-08-01T21:31:00.000,8,2023,Traffic Violation,31-27-4,"Reckless Driving, Drag Racing - Attempting to Elude",1,ABrodeur,2023-00060991-001,None,None
2023-00060991,FILLMORE ST,2023-08-01T21:31:00.000,8,2023,RI Statute Violation,11-32-1,OBSTRUCTING OFFICER IN EXECUTION OF DUTY,1,ABrodeur,2023-00060991-002,None,None
2023-00060300,WALDO ST,2023-07-30T17:56:00.000,7,2023,Malicious Mischief,Not Used,No violations,0,Central Station,2023-00060300-001,None,None
2023-00501741,ALDRICH ST,2023-07-30T04:34:45.000,7,2023,Larceny from Motor Vehicle,11-41-1,LARCENY/U $1500 - FROM MV,1,NField,2023-00501741-001,None,Larceny-theft
2023-00060087,BROAD ST,2023-07-30T02:00:00.000,7,2023,Weapons,11-47-8-A,LICENSE OR PERMIT REQUIRED FOR CARRYING PISTOL,1,WSherrill,2023-00060087-001,None,None
2023-00501739,MAGNOLIA ST,2023-07-30T01:46:25.000,7,2023,Vandalism,11-44-1,VANDALISM/MALICIOUS INJURY TO PROPERTY,1,NField,2023-00501739-001,None,None
2023-00059772,CASS ST,2023-07-29T01:42:00.000,7,2023,Weapons,11-47-8-A,LICENSE OR PERMIT REQUIRED FOR CARRYING PISTOL,1,WSherrill,2023-00059772-001,None,None
2023-00501733,"100 Block CALVERLEY ST, PROVIDENCE, ST",2023-07-28T22:45:08.000,7,2023,Larceny from Motor Vehicle,11-41-1,LARCENY/U $1500 - FROM MV,1,NField,2023-00501733-001,None,Larceny-theft
2023-00059573,BRANCH AVE,2023-07-28T13:33:00.000,7,2023,"Fraud, Swindle",11-49.1-3,IDENTITY FRAUD - FALSE PRETENSE,1,Central Station,2023-00059573-001,None,None
2023-00059272,PARKIS AVE,2023-07-27T12:20:00.000,7,2023,Traffic Violation,31-9-1,Driving Without Consent of Owner,1,JNajarian,2023-00059272-001,None,None
2023-00059272,PARKIS AVE,2023-07-27T12:20:00.000,7,2023,Motor Vehicle Theft,11-41-1,LARCENY/O $1500 - AUTO THEFT,1,JNajarian,2023-00059272-002,None,Motor Vehicle Theft
2023-00059052,ELMWOOD AVE  &  STANWOOD ST,2023-07-26T17:37:00.000,7,2023,RI Statute Violation,12-9-16,WARRANT OF ARREST ON AFFIDAVIT - ALL OTH OFFENSE,1,RBallinger,2023-00059052-001,None,None
2023-00058762,1500 Block ELMWOOD,2023-07-25T16:46:00.000,7,2023,Malicious Mischief,Not Used,No violations,0,Central Station,2023-00058762-001,None,None
2023-00058717,CHAPIN AVE &  SERVICE 1 RD,2023-07-25T13:41:00.000,7,2023,Drug Offenses,21-28-4.01-C1A,POSSESSION OF SCHEDULE I II III,1,ESoloman,2023-00058717-001,None,None
2023-00058189,DUKE ST,2023-07-23T19:03:00.000,7,2023,Larceny from Motor Vehicle,11-41-1,LARCENY/O $1500 - FROM MV,1,Central Station,2023-00058189-001,None,Larceny-theft
2023-00058158,DUKE ST,2023-07-23T17:13:00.000,7,2023,Property Damage,Not Used,No violations,0,Central Station,2023-00058158-001,None,None
2023-00058142,0 Block PLEASANT VALLEY PKY,2023-07-23T16:10:00.000,7,2023,Narcotics Violation,Not Used,"Under Investigation, Offense Pending",0,IQuinn,2023-00058142-001,None,None
2023-00501685,SPRUCE ST,2023-07-22T01:31:13.000,7,2023,Larceny from Motor Vehicle,11-41-1,LARCENY/U $1500 - FROM MV,1,MTroia,2023-00501685-001,None,Larceny-theft
2023-00501683,FRANCIS ST.,2023-07-21T22:22:56.000,7,2023,"Larceny, Other",11-41-1,LARCENY/U $1500 - ALL OTH LARCENY,1,MTroia,2023-00501683-001,None,Larceny-theft
2023-00057491,0 Block PLEASANT VALLEY PKY,2023-07-21T16:55:00.000,7,2023,Suspicious Person,Not Used,No Violations,0,MLabutti,2023-00057491-001,None,None
2023-00057492,NICHOLAS BROWN YARDS  &  OLNEY ST,2023-07-21T15:54:00.000,7,2023,Stolen Vehicle\Recovered,Not Used,No Violations,0,LGarcia Colon,2023-00057492-001,None,None
2023-00501676,CORNER OF TROY AND DIKE,2023-07-21T00:48:36.000,7,2023,Larceny from Motor Vehicle,11-41-1,LARCENY/U $1500 - FROM MV,1,NField,2023-00501676-001,None,Larceny-theft
2023-00057041,0 Block BOWLET ST,2023-07-20T09:25:00.000,7,2023,Assistance Rendered,Not Used,No Violations,0,JPerez,2023-00057041-001,None,None
2023-00056806,MOORE ST,2023-07-19T15:08:00.000,7,2023,Motor Vehicle Theft,11-41-1,LARCENY/O $1500 - AUTO THEFT,1,Central Station,2023-00056806-001,None,Motor Vehicle Theft
2023-00056732,100 Block PECK ST,2023-07-19T10:50:28.000,7,2023,Disorderly Conduct,11-45-1,DISORDERLY CONDUCT,1,MGammino,2023-00056732-001,None,None
2023-00056712,GAY ST & STANIFORD ST,2023-07-19T09:19:00.000,7,2023,Motor Vehicle Theft,11-41-1,LARCENY/O $1500 - AUTO THEFT,1,ASantos,2023-00056712-001,None,Motor Vehicle Theft
2023-00056620,PARSONAGE ST,2023-07-18T23:16:00.000,7,2023,Vandalism,11-44-1,VANDALISM/MALICIOUS INJURY TO PROPERTY,1,Central Station,2023-00056620-001,None,None
2023-00056620,PARSONAGE ST,2023-07-18T23:16:00.000,7,2023,Larceny from Motor Vehicle,11-41-1,LARCENY/O $1500 - FROM MV,1,Central Station,2023-00056620-002,None,Larceny-theft
2023-00056508,BROAD ST,2023-07-18T17:33:00.000,7,2023,Larceny from Motor Vehicle,11-41-1,LARCENY/U $1500 - FROM MV,1,Central Station,2023-00056508-001,None,Larceny-theft
2023-00056235,EUTAW ST,2023-07-17T20:30:00.000,7,2023,Vandalism,11-44-1,VANDALISM/MALICIOUS INJURY TO PROPERTY,1,Central Station,2023-00056235-001,None,None
2023-00056184,BROAD ST & JOHN J PARTINGTON WAY,2023-07-17T17:11:00.000,7,2023,Municipal Code Violation,Sec. 23-24.,Obstruction of public right-of-way.,1,MCamardo,2023-00056184-001,None,None
2023-00056162,WILLOW ST,2023-07-17T16:13:00.000,7,2023,"Larceny, Other",11-41-1,LARCENY/U $1500 - ALL OTH LARCENY,1,Central Station,2023-00056162-001,None,Larceny-theft
2023-00501646,SUMMIT AVE,2023-07-17T13:08:09.000,7,2023,Property Damage,Not Used,No Violations,0,NField,2023-00501646-001,None,None
2023-00501643,0 Block PROVIDENCE PI,2023-07-17T10:51:27.000,7,2023,"Larceny, Other",11-41-1,LARCENY/U $1500 - ALL OTH LARCENY,1,NField,2023-00501643-001,None,Larceny-theft
2023-00501630,BRAYTON AVE,2023-07-15T11:24:04.000,7,2023,Vandalism,11-44-1,VANDALISM/MALICIOUS INJURY TO PROPERTY,1,NField,2023-00501630-001,None,None
2023-00055377,800 Block ACADEMY AVE,2023-07-15T06:37:24.000,7,2023,"Assault, Simple",11-5-3,SIMPLE ASSAULT OR BATTERY,1,JWagnac,2023-00055377-001,None,None
2023-00501627,200 Block NW CLIFFORD ST,2023-07-15T00:43:16.000,7,2023,Vandalism,11-44-1,VANDALISM/MALICIOUS INJURY TO PROPERTY,1,NField,2023-00501627-001,None,None
2023-00501626,SPRUCE,2023-07-15T00:34:46.000,7,2023,Vandalism,11-44-1,VANDALISM/MALICIOUS INJURY TO PROPERTY,1,NField,2023-00501626-001,None,None
2023-00055101,ATWELLS AVENUE,2023-07-14T14:01:00.000,7,2023,"Fraud, Swindle",11-49.1-3,IDENTITY FRAUD - FALSE PRETENSE,1,Central Station,2023-00055101-001,None,None
2023-00054950,KENWOOD ST,2023-07-13T22:06:00.000,7,2023,"Larceny, Other",11-41-1,LARCENY/O $1500 - ALL OTH LARCENY,1,NAyala,2023-00054950-001,None,Larceny-theft
2023-00054888,WOODSIDE RD,2023-07-13T18:33:00.000,7,2023,Suspicious Person,Not Used,No Violations,0,DPfeiffer,2023-00054888-001,None,None
2023-00501612,FEDERAL ST,2023-07-13T17:05:45.000,7,2023,Vandalism,11-44-1,VANDALISM/MALICIOUS INJURY TO PROPERTY,1,NField,2023-00501612-001,None,None
2023-00501610,OFF RAMP POINT ST,2023-07-13T15:57:38.000,7,2023,Vandalism,11-44-1,VANDALISM/MALICIOUS INJURY TO PROPERTY,1,NField,2023-00501610-001,None,None
2023-00054818,0 Block PROVIDENCEPLACE MALL,2023-07-13T14:29:46.000,7,2023,"Larceny, Other",11-41-1,LARCENY/U $1500 - ALL OTH LARCENY,1,JDeschamps,2023-00054818-001,None,Larceny-theft
2023-00040227,MANTON AVE &  SAN SOUCI DR,2023-05-27T20:26:00.000,5,2023,Drug Offenses,21-28-4.01-C1A,POSSESSION OF SCHEDULE I II III,1,MFigueroa,2023-00040227-001,None,None
2023-00039385,BARBARA LEONARD WAY & N MAIN ST  &  MAIN ST,2023-05-25T09:17:51.000,5,2023,Auto Towed,Not Used,Parking or MV Violation,0,MRudolph,2023-00039385-001,None,None
2023-00054174,200 Block PULASKI STREET,2023-07-10T15:00:00.000,7,2023,Narcotics Violation,Not Used,No violations,0,JDesmarais,2023-00054174-001,None,None
2023-00501580,600 Block N NO. MAIN STREET ST,2023-07-08T17:29:14.000,7,2023,"Larceny, Other",11-41-1,LARCENY/U $1500 - OTH LAR,1,NField,2023-00501580-001,None,Larceny-theft
2023-00050248,2000 Block RIVER AVE,2023-06-29T10:15:00.000,6,2023,Request for Assistance,Not Used,No violations,0,Central Station,2023-00050248-001,None,None
2023-00049950,0 Block THOMAS SPANN WAY,2023-06-28T09:24:00.000,6,2023,Vandalism,11-44-1,VANDALISM/MALICIOUS INJURY TO PROP,1,TCalandra,2023-00049950-001,None,None
2023-00501503,0 Block WASHINGTON,2023-06-27T22:14:56.000,6,2023,Larceny from Motor Vehicle,11-41-1,LARCENY/U $1500 - FROM MV,1,NField,2023-00501503-001,None,Larceny-theft
2023-00501488,0 Block HAROLD,2023-06-26T17:34:49.000,6,2023,"Fraud, Swindle",11-49.1-3,IDENTITY FRAUD - FALSE PRETENSE,1,NField,2023-00501488-001,None,None
2023-00048718,600 Block RESERVOIR AVE,2023-06-24T01:37:14.000,6,2023,"Assault,Felony",Not Used,"Under Investigation, Offense Pending",0,DCarias,2023-00048718-001,Aggravated Assault,None
2023-00048708,0 Block PLEASANT VALLEY PKY,2023-06-24T01:19:00.000,6,2023,Weapons,11-47-8-A,LICENSE OR PERMIT REQUIRED FOR CARRYING PISTOL,1,SCampbell,2023-00048708-001,None,None
2023-00048172,1600 Block HAMILTON,2023-06-22T12:15:00.000,6,2023,Vandalism,11-44-1,VANDALISM/MALICIOUS INJURY TO PROPERTY,1,Central Station,2023-00048172-001,None,None
2023-00047597,0 Block RADCLIFFE ST,2023-06-20T10:53:21.000,6,2023,Burglary,11-8-1.1,ATTEMPTED BREAKING AND ENTERING,1,EPedchenko,2023-00047597-001,None,Burglary
2023-00046661,0 Block PLEASANT VALLEY PKY,2023-06-17T05:48:55.000,6,2023,Suspicious Person,Not Used,No Violations,0,IBarbosa,2023-00046661-001,None,None
2023-00045317,0 Block KENEDY PL,2023-06-12T20:16:43.000,6,2023,"Assault, Simple",11-5-3,SIMPLE ASSAULT OR BATTERY,1,CMain,2023-00045317-001,None,None
2023-00045273,0 Block CITIZEN PL,2023-06-12T18:12:57.000,6,2023,"Assault, Simple",11-5-3,SIMPLE ASSAULT OR BATTERY,1,SCerullo,2023-00045273-001,None,None
2023-00045273,0 Block CITIZEN PL,2023-06-12T18:12:57.000,6,2023,Larceny from Building,11-41-1,LARCENY/U $1500 - FROM BLD,1,SCerullo,2023-00045273-002,None,Larceny-theft
2023-00044584,0 Block PARK W,2023-06-10T18:27:10.000,6,2023,Fraud,Not Used,"Under Investigation, Offense Pending",0,GGenao,2023-00044584-001,None,None
2023-00044260,0 Block PROVICENCE PL,2023-06-09T18:40:53.000,6,2023,Vandalism,11-44-21,FALSE FIRE/POLICE ALARM W/INTENT & VANDALIZING - DESTRUCT/VAND,2,CMain,2023-00044260-001,None,None
2023-00043967,0 Block MASSIE ST,2023-06-08T19:42:00.000,6,2023,Weapons,11-47-8-A,LICENSE OR PERMIT REQUIRED FOR CARRYING PISTOL,1,TZincone,2023-00043967-001,None,None
2023-00043635,100 Block SARATOGA ST,2023-06-07T13:49:51.000,6,2023,Vandalism,11-44-1,VANDALISM/MALICIOUS INJURY TO PROP,1,WPognon,2023-00043635-001,None,None
2023-00043099,200 Block ONEIL ST,2023-06-05T14:09:00.000,6,2023,"Fraud, Swindle",11-49.1-3,IDENTITY FRAUD - FALSE PRETENSE,1,Central Station,2023-00043099-001,None,None
2023-00042644,100 Block SABIN ST,2023-06-03T22:58:00.000,6,2023,"Assault, Simple",11-5-3,SIMPLE ASSAULT/BATTERY,1,JLeroux,2023-00042644-001,None,None
2023-00042597,1500 Block CHALKSTON AVE AVE,2023-06-03T18:54:24.000,6,2023,Vandalism,11-44-1,VANDALISM/MALICIOUS INJURY TO PROPERTY,1,,2023-00042597-001,None,None
2023-00041921,PROVIDENCE,2023-06-01T16:48:00.000,6,2023,Request for Assistance,Not Used,No violations,0,Central Station,2023-00041921-001,None,None
2023-00041842,200 Block PROMANEDE,2023-06-01T13:14:46.000,6,2023,"Assault, Simple",11-5-3,SIMPLE ASSAULT/BATTERY-3RD OFFENSE,1,EPedchenko,2023-00041842-001,None,None
2023-00041735,0 Block PLEASANT VALLEY PKY,2023-06-01T00:56:48.000,6,2023,"Assault, Simple",11-5-3,SIMPLE ASSAULT OR BATTERY,1,GSans-Souci,2023-00041735-001,None,None
2023-00501291,0 Block BOWLET ST,2023-05-31T20:40:24.000,5,2023,"Larceny, Other",11-41-1,LARCENY/U $1500 - OTH LAR,1,NField,2023-00501291-001,None,Larceny-theft
2023-00041618,PROVIDENCE,2023-05-31T16:34:00.000,5,2023,"Fraud, Swindle",11-49.1-3,IDENTITY FRAUD - FALSE PRETENSE,1,Central Station,2023-00041618-001,None,None
