casenumber,location,reported_date,month,year,offense_desc,statute_code,statute_desc,counts,reporting_officer,latitude,longitude
2023-00097151,0 Block VANDEWATER ST,2023-11-27T01:35:00.000,11,2023,"Assault,Felony",Not Used,"Under Investigation, Offense Pending",0,LPrete,,
2023-00096978,0 Block VANDEWATER ST,2023-11-26T03:27:00.000,11,2023,"Assault, Simple",11-5-3,SIMPLE ASSAULT OR BATTERY,1,MCarlone,,
2023-00096870,0 Block CRANDALL ST,2023-11-25T19:42:00.000,11,2023,Traffic Violation,31-3-1,Operation of Unregistered Vehicle,1,RAbenante,,
2023-00096870,0 Block CRANDALL ST,2023-11-25T19:42:00.000,11,2023,Traffic Violation,31-14-1,Failure to Maintain Control,1,RAbenante,,
2023-00096870,0 Block CRANDALL ST,2023-11-25T19:42:00.000,11,2023,DUI,31-27-2,Driving Under the Influence of Liqour or Drugs (=>.08<.1),1,RAbenante,,
2023-00096870,0 Block CRANDALL ST,2023-11-25T19:42:00.000,11,2023,Traffic Violation,31-47-9,Operating a MV without Evidence of Insurance,1,RAbenante,,
2023-00502634,0 Block MALBONE,2023-11-25T08:39:08.000,11,2023,Vandalism,11-44-1,VANDALISM/MALICIOUS INJURY TO PROPERTY,1,MTroia,,
2023-00096498,600 Block PLEASANT VALLEY PKY,2023-11-24T11:35:00.000,11,2023,Burglary,11-8-2,B&E DWELLING HOUSE W/O CONSENT,1,GScarcello,,
2023-00502623,0 Block WHITEHALL,2023-11-23T21:57:24.000,11,2023,Vandalism,11-44-1,VANDALISM/MALICIOUS INJURY TO PROPERTY,1,MTroia,,
2023-00502619,0 Block RUTLAND ST,2023-11-23T07:47:36.000,11,2023,Vandalism,11-44-1,VANDALISM/MALICIOUS INJURY TO PROPERTY,1,MTroia,,
2023-00502607,0 Block WILLOW,2023-11-21T17:21:15.000,11,2023,Larceny from Motor Vehicle,11-41-1,LARCENY/U $1500 - FROM MV,1,MTroia,,
2023-00095783,400 Block BROADWAY,2023-11-21T14:06:00.000,11,2023,Larceny from Motor Vehicle,11-41-1,LARCENY/U $1500 - FROM MV,1,DLiu,,
2023-00502595,0 Block DAVE GAVITT WAY,2023-11-20T13:43:55.000,11,2023,Vandalism,11-44-1,VANDALISM/MALICIOUS INJURY TO PROPERTY,1,MTroia,,
2023-00095460,0 Block LUONGO SQ,2023-11-20T10:30:00.000,11,2023,Trespass,Not Used,No Violations,0,SCooney,,
2023-00502586,0 Block BROADWAY,2023-11-18T21:47:01.000,11,2023,Vandalism,11-44-1,VANDALISM/MALICIOUS INJURY TO PROPERTY,1,MTroia,,
2023-00502585,100 Block SUMTER,2023-11-18T21:01:48.000,11,2023,"Larceny, Other",11-41-1,LARCENY/U $1500 - ALL OTH LARCENY,1,MTroia,,
2023-00502581,0 Block SANDRINGHAM AVE,2023-11-18T12:19:45.000,11,2023,Vandalism,11-44-1,VANDALISM/MALICIOUS INJURY TO PROPERTY,1,MTroia,,
2023-00094884,100 Block OAKLAND AVE,2023-11-18T08:49:00.000,11,2023,Traffic Violation,31-9-1,Driving Without Consent of Owner,1,JLanier,,
2023-00094878,100 Block OAKLAND AVE,2023-11-18T08:47:00.000,11,2023,Burglary,11-8-2.2,B&E OF DWELLING WHEN RESIDENT HOME,1,JLanier,,
2023-00094874,100 Block WAYLAND AVE,2023-11-18T07:56:02.000,11,2023,Burglary,11-8-4,B&E BUS.PLACE PUBLIC BLDG  OR SHIP W/FEL. INTENT,1,KBaxter,,
2023-00094874,100 Block WAYLAND AVE,2023-11-18T07:56:02.000,11,2023,Vandalism,11-44-1,VANDALISM/MALICIOUS INJURY TO PROPERTY,1,KBaxter,,
2023-00094400,0 Block LONGFELLOW DR,2023-11-16T17:45:37.000,11,2023,Auto Towed,Not Used,Parking or MV Violation,0,TJones,,
2023-00094335,100 Block KENNEDY PL,2023-11-16T15:24:31.000,11,2023,Disturbance,Not Used,No Violations,0,MKelley,,
2023-00502570,0 Block 77 METROPOLITAN ROAD,2023-11-16T10:49:13.000,11,2023,Larceny from Motor Vehicle,11-41-1,LARCENY/U $1500 - FROM MV,1,NField,,
2023-00502569,100 Block RUGGLES,2023-11-16T10:34:44.000,11,2023,"Larceny, Other",11-41-1,LARCENY/U $1500 - OTH LAR,1,NField,,
2023-00094243,0 Block LOUNGO SQUARE,2023-11-16T10:01:12.000,11,2023,Motor Vehicle Theft,11-41-1,LARCENY/O $1500 - AUTO THEFT,1,MCamardo,,
2023-00093826,0 Block PARKIS ST,2023-11-14T17:21:49.000,11,2023,Auto Towed,Not Used,Parking or MV Violation,0,NColicci,,
2023-00093806,0 Block KENNEDY,2023-11-14T16:03:36.000,11,2023,Larceny - Theft,Not Used,"Under Investigation, Offense Pending",0,GGenao,,
2023-00093523,400 Block PLEASANT VALLEY PKY,2023-11-13T12:26:00.000,11,2023,Defacing Property,Not Used,"Under Investigation, Offense Pending",0,GScarcello,,
2023-00502542,"AVE,PROVIDENCE",2023-11-12T15:06:31.000,11,2023,Larceny from Motor Vehicle,11-41-1,LARCENY/U $1500 - FROM MV,1,NField,,
2023-00093241,0 Block FONES ALY,2023-11-12T12:07:00.000,11,2023,Request for Assistance,Not Used,No violations,0,LGianfrancesco,,
2023-00093208,0 Block RUTHGLEN AVE,2023-11-12T08:08:26.000,11,2023,"Larceny, Other",11-41-1,LARCENY/O $1500 - ALL OTH LARCENY,1,ADeschamps,,
2023-00093211,400 Block BROADWAY,2023-11-12T08:06:00.000,11,2023,Auto Towed,Not Used,Parking or MV Violation,0,SCooney,,
2023-00093179,200 Block HIGH SERVICE AVE,2023-11-12T02:56:00.000,11,2023,"Assault,Felony",Not Used,No violations,0,JLeroux,,
2023-00093053,100 Block SABIN ST,2023-11-11T20:14:00.000,11,2023,Disturbance,Not Used,No Violations,0,DAnderson,,
2023-00092790,100 Block CLEVELAND ST,2023-11-10T23:20:00.000,11,2023,Vandalism,11-44-1,VANDALISM/MALICIOUS INJURY TO PROPERTY,1,DSanchez,,
2023-00092790,100 Block CLEVELAND ST,2023-11-10T23:20:00.000,11,2023,"Assault, Simple",11-5-1,ASSAULT W/ INTENT TO COMMIT A FELONY - MINOR INJURY,1,DSanchez,,
2023-00092671,BLACKSTONE ST &  BROAD ST,2023-11-10T16:18:00.000,11,2023,Drug Offenses,21-28-4.01-C1A,POSSESSION OF SCHEDULE I II III,1,TJones,,
2023-00092671,BLACKSTONE ST &  BROAD ST,2023-11-10T16:18:00.000,11,2023,Warrant\Capias,BWARRANT-SC,BENCH WARRANT ISSUED FROM SUPERIOR COURT,1,TJones,,
2023-00502530,600 Block PAWTUCKET AVE AVE,2023-11-09T22:02:07.000,11,2023,Larceny from Motor Vehicle,11-41-1,LARCENY/U $1500 - FROM MV,1,NField,,
2023-00092330,100 Block LAURA HILL AVE,2023-11-09T12:32:49.000,11,2023,Larceny from Building,11-41-1,LARCENY/U $1500 - FROM BLD,1,JLugo,,
2023-00091833,100 Block OAKLAND AVE,2023-11-07T15:59:00.000,11,2023,Malicious Mischief,Not Used,No violations,0,Central Station,,
2023-00502509,100 Block HIGHLAND AVE,2023-11-06T10:31:05.000,11,2023,"Larceny, Other",11-41-1,LARCENY/U $1500 - OTH LAR,1,NField,,
2023-00091441,0 Block WAYLAND AVE,2023-11-06T09:11:00.000,11,2023,Request for Assistance,Not Used,No Violations,0,DSepe,,
2023-00091396,100 Block OAKLAND AVE,2023-11-06T02:52:40.000,11,2023,Vandalism,11-44-1,VANDALISM/MALICIOUS INJURY TO PROPERTY,1,STeran,,
2023-00091288,0 Block FINANCE WAY,2023-11-05T17:24:03.000,11,2023,Warrant\Capias,BWARRANT-6D,BENCH WARRANT ISSUED FROM 6TH DISTRICT COURT,1,CMain,,
2023-00091200,100 Block SABIN ST,2023-11-05T09:02:00.000,11,2023,"Larceny, Other",11-41-1,LARCENY/O $1500 - ALL OTH LARCENY,1,GSlater,,
2023-00091166,100 Block SABIN ST,2023-11-05T02:15:39.000,11,2023,Suspicious Person,Not Used,No Violations,0,NLaFazia,,
2023-00502503,100 Block ELM,2023-11-05T00:09:58.000,11,2023,Larceny from Motor Vehicle,11-41-1,LARCENY/U $1500 - FROM MV,1,NField,,
2023-00090940,0 Block LONGFELLOW TER,2023-11-04T15:14:29.000,11,2023,Disturbance,Not Used,No Violations,0,MKelley,,
2023-00090924,100 Block FREEMAN PKY,2023-11-04T13:25:40.000,11,2023,Larceny from Motor Vehicle,11-41-1,LARCENY/U $1500 - FROM MV,1,MRudolph,,
2023-00502501,UNK,2023-11-04T13:01:26.000,11,2023,"Fraud, Swindle",11-49.1-3,IDENTITY FRAUD - FALSE PRETENSE,1,NField,,
2023-00090660,100 Block SABIN ST,2023-11-03T16:36:00.000,11,2023,Suspicious Person,Not Used,No Violations,0,ACalle,,
2023-00090651,300 Block BROADWAY,2023-11-03T16:23:45.000,11,2023,"Larceny, Other",11-41-1,LARCENY/U $1500 - ALL OTH LARCENY,1,MLeclerc,,
2023-00502496,900 Block CHARLES,2023-11-03T16:06:28.000,11,2023,"Larceny, Other",11-41-1,LARCENY/U $1500 - ALL OTH LARCENY,1,NField,,
2023-00502489,0 Block ASH BURN,2023-11-03T10:05:03.000,11,2023,Vandalism,11-44-1,VANDALISM/MALICIOUS INJURY TO PROPERTY,1,NField,,
2023-00090414,0 Block RANDALL ST,2023-11-02T21:30:00.000,11,2023,Warrant\Capias,BWARRANT-6D,BENCH WARRANT ISSUED FROM 6TH DISTRICT COURT,1,LGarcia Colon,,
2023-00502485,0 Block SECOND AVE,2023-11-02T12:37:01.000,11,2023,"Larceny, Other",11-41-1,LARCENY/U $1500 - OTH LAR,1,NField,,
2023-00502476,STREET,2023-11-01T20:31:25.000,11,2023,"Larceny, Other",11-41-1,LARCENY/U $1500 - OTH LAR,1,NField,,
2023-00089961,100 Block SANDRINGHAM AVE,2023-11-01T08:21:35.000,11,2023,Property Damage,Not Used,No Violations,0,KWoodbine,,
2023-00089934,UNKNOWN,2023-11-01T04:35:33.000,11,2023,"Assault, Simple",11-5-3,SIMPLE ASSAULT OR BATTERY,1,KBaxter,,
2023-00089687,500 Block BROADWAY,2023-10-31T09:19:00.000,10,2023,Tresspassing,11-44-26,WILLFUL TRESPASS,1,INerney,,
2023-00502463,0 Block EAGLE AT,2023-10-30T19:56:48.000,10,2023,Vandalism,11-44-1,VANDALISM/MALICIOUS INJURY TO PROPERTY,1,NField,,
2023-00089509,PROVIDENCE,2023-10-30T15:38:00.000,10,2023,Request for Assistance,Not Used,No violations,0,Central Station,,
2023-00089427,0 Block ROGER WILLIAMS GRN,2023-10-30T09:13:50.000,10,2023,Larceny from Motor Vehicle,11-41-1,LARCENY/O $1500 - FROM MV,1,PSaravia,,
2023-00089422,0 Block NICHOLAS BROWN YARDS,2023-10-30T09:13:09.000,10,2023,Vandalism,11-44-1,VANDALISM/MALICIOUS INJURY TO PROPERTY,1,PSaravia,,
2023-00502456,0 Block N CORLISS,2023-10-30T06:07:02.000,10,2023,"Fraud, Swindle",11-49.1-3,IDENTITY FRAUD - FALSE PRETENSE,1,NField,,
2023-00502452,100 Block REEDSDALE RD,2023-10-29T19:15:44.000,10,2023,Larceny from Motor Vehicle,11-41-1,LARCENY/U $1500 - FROM MV,1,NField,,
2023-00089286,0 Block COURTLAND ST,2023-10-29T17:13:00.000,10,2023,Vandalism,11-44-1,VANDALISM/MALICIOUS INJURY TO PROPERTY,1,DWilson,,
2023-00089244,0 Block DESOSTO ST. ST,2023-10-29T14:07:05.000,10,2023,"Assault, Simple",11-5-3,SIMPLE ASSAULT OR BATTERY,1,ABrodeur,,
2023-00089168,100 Block SABIN ST,2023-10-29T06:46:10.000,10,2023,Disorderly Conduct,11-45-1,DISORDERLY CONDUCT,1,CFernandez,,
2023-00089140,0 Block PLEASANT VALLEY,2023-10-29T03:38:42.000,10,2023,"Assault, Simple",11-5-3,SIMPLE ASSAULT OR BATTERY,1,DPalumbo,,
2023-00088955,100 Block CLEVELAND ST,2023-10-28T20:46:00.000,10,2023,Suspicious Person,Not Used,No Violations,0,MPetteruto,,
2023-00502434,0 Block W CANAL ST,2023-10-27T23:59:21.000,10,2023,Vandalism,11-44-1,VANDALISM/MALICIOUS INJURY TO PROPERTY,1,NField,,
2023-00502432,POCCASETT,2023-10-27T23:27:30.000,10,2023,"Larceny, Other",11-41-1,LARCENY/U $1500 - ALL OTH LARCENY,1,NField,,
2023-00502430,0 Block SUSAN AVE,2023-10-27T22:58:52.000,10,2023,Vandalism,11-44-1,VANDALISM/MALICIOUS INJURY TO PROPERTY,1,NField,,
2023-00502419,UNIÃ“N ELERY,2023-10-27T20:31:42.000,10,2023,"Larceny, Other",11-41-1,LARCENY/U $1500 - ALL OTH LARCENY,1,NField,,
2023-00088086,0 Block RICOM WAY,2023-10-26T11:07:44.000,10,2023,Breaking and Entering,Not Used,No violations,0,SSesay,,
2023-00087970,0 Block STANDISH AVE,2023-10-25T21:11:00.000,10,2023,RI Statute Violation,11-59-3,VIOLATION OF RESTRAINING ORDER,1,Central Station,,
2023-00502395,ASHBURN ST,2023-10-24T23:16:01.000,10,2023,Vandalism,11-44-1,VANDALISM/MALICIOUS INJURY TO PROPERTY,1,NField,,
2023-00087530,200 Block O'CONNELL ST,2023-10-24T10:41:01.000,10,2023,Request for Assistance,Not Used,No Violations,0,RSanchez,,
2023-00502385,0 Block CAPITOL HILL RD,2023-10-23T12:16:49.000,10,2023,Vandalism,11-44-1,VANDALISM/MALICIOUS INJURY TO PROPERTY,1,NField,,
2023-00502380,0 Block THOMAS  ONLEY COMMON,2023-10-22T19:45:45.000,10,2023,Larceny from Motor Vehicle,11-41-1,LARCENY/U $1500 - FROM MV,1,NField,,
2023-00086968,0 Block ROGER WILLIAMS GREEN,2023-10-22T10:53:43.000,10,2023,Motor Vehicle Theft,11-41-1,LARCENY/O $1500 - AUTO THE,1,TGomes,,
2023-00086011,300 Block OCONNOR ST,2023-10-19T11:39:00.000,10,2023,Larceny - Theft,Not Used,"Under Investigation, Offense Pending",0,KRosado,,
2023-00085825,0 Block BOWLET ST,2023-10-18T17:19:00.000,10,2023,Auto Towed,Not Used,Parking or MV Violation,0,MPetteruto,,
2023-00085700,0 Block CROYLAND RD,2023-10-18T10:32:44.000,10,2023,Burglary,11-8-2,B&E DWELLING HOUSE W/O CONSENT,1,RSanchez,,
2023-00085544,300 Block BROADWAY,2023-10-17T19:34:00.000,10,2023,Robbery,11-39-1,ROBBERY-1ST DEGREE,1,NAyala,,
2023-00085318,0 Block CHARLESFIED ST,2023-10-17T02:39:35.000,10,2023,Larceny from Motor Vehicle,11-41-1,LARCENY/U $1500 - FROM MV,1,JIkuejamofo,,
2023-00502327,100 Block WASHIGHTON ST,2023-10-16T13:38:31.000,10,2023,Vandalism,11-44-1,VANDALISM/MALICIOUS INJURY TO PROPERTY,1,MTroia,,
2023-00502326,100 Block UNION,2023-10-16T13:13:31.000,10,2023,Vandalism,11-44-1,VANDALISM/MALICIOUS INJURY TO PROPERTY,1,MTroia,,
2023-00502324,0 Block OAKLAND AVE,2023-10-16T11:24:11.000,10,2023,"Fraud, Credit Card",11-49-4,FRAUDULENT USE OF CREDIT CARDS,1,MTroia,,
2023-00084949,0 Block NICHOLAS BROWN YARDS,2023-10-15T17:47:59.000,10,2023,Motor Vehicle Theft,11-41-1,LARCENY/O $1500 - AUTO THEFT,1,LGarcia Colon,,
2023-00502305,0 Block BROADWAY ST,2023-10-15T09:42:54.000,10,2023,Vandalism,11-44-1,VANDALISM/MALICIOUS INJURY TO PROPERTY,1,MTroia,,
2023-00084816,0 Block OAKLAND AVE,2023-10-15T04:13:00.000,10,2023,Receiving Stolen Property,31-9-2,Possession of Stolen Vehicle or Parts,1,AWagoner,,
2023-00084771,0 Block LONGFELLOW TER,2023-10-15T01:44:00.000,10,2023,"Assault, Simple",11-5-3,SIMPLE ASSAULT/BATTERY,1,AFrancis,,
2023-00502310,300 Block CANAL ST,2023-10-14T23:19:49.000,10,2023,Vandalism,11-44-1,VANDALISM/MALICIOUS INJURY TO PROPERTY,1,MTroia,,
2023-00084687,300 Block BROADWAY,2023-10-14T21:21:00.000,10,2023,Robbery,11-39-1,ROBBERY-1ST DEGREE,1,NAyala,,
2023-00502297,1200 Block SMITH,2023-10-14T09:28:13.000,10,2023,Vandalism,11-44-1,VANDALISM/MALICIOUS INJURY TO PROPERTY,1,MTroia,,
2023-00502296,0 Block THOMAS AVE,2023-10-13T21:58:50.000,10,2023,Larceny from Motor Vehicle,11-41-1,LARCENY/U $1500 - FROM MV,1,MTroia,,
2023-00502311,100 Block BENEFIT,2023-10-13T10:57:32.000,10,2023,Larceny from Motor Vehicle,11-41-1,LARCENY/U $1500 - FROM MV,1,MTroia,,
2023-00502291,300 Block BROADWAY,2023-10-13T07:27:31.000,10,2023,Vandalism,11-44-1,VANDALISM/MALICIOUS INJURY TO PROPERTY,1,MTroia,,
2023-00502290,0 Block CARR,2023-10-12T22:35:04.000,10,2023,"Larceny, Other",11-41-1,LARCENY/U $1500 - ALL OTH LARCENY,1,NField,,
2023-00083882,8000 Block CHALKSTONE AVENUE,2023-10-12T09:46:00.000,10,2023,"Assault, Simple",11-5-3,SIMPLE ASSAULT OR BATTERY,1,Central Station,,
2023-00083839,0 Block RICOM WAY,2023-10-12T06:30:00.000,10,2023,Suspicious Person,Not Used,No Violations,0,DSepe,,
2023-00502279,100 Block WASHINGON ST,2023-10-11T12:31:44.000,10,2023,Larceny from Motor Vehicle,11-41-1,LARCENY/U $1500 - FROM MV,1,NField,,
2023-00083094,300 Block BROADWAY,2023-10-09T16:45:00.000,10,2023,Motor Vehicle Theft,11-41-1,LARCENY/O $1500 - AUTO THEFT,1,Central Station,,
2023-00083046,0 Block CRANDALL ST,2023-10-09T13:18:20.000,10,2023,Traffic Violation,31-9-3,Injuring or Tampering with Vehicles,1,VWilcox,,
2023-00083015,0 Block KELLEY ST,2023-10-09T11:31:23.000,10,2023,Vandalism,11-44-1,VANDALISM/MALICIOUS INJURY TO PROPERTY,1,JCortorreal,,
2023-00502260,0 Block ALMY,2023-10-08T08:09:33.000,10,2023,Larceny from Motor Vehicle,11-41-1,LARCENY/U $1500 - FROM MV,1,NField,,
2023-00502259,0 Block WESCOTT AVE,2023-10-07T15:24:01.000,10,2023,"Fraud, Swindle",11-49.1-3,IDENTITY FRAUD - FALSE PRETENSE,1,NField,,
2023-00082452,0 Block E GERORGE ST,2023-10-07T13:43:15.000,10,2023,Larceny from Motor Vehicle,11-41-1,LARCENY/O $1500 - FROM MV,1,CFernandez,,
2023-00082283,100 Block OAKLAND AVE,2023-10-07T00:27:15.000,10,2023,Auto Towed,Not Used,Parking or MV Violation,0,NColicci,,
2023-00082101,0 Block VANDEWATER ST,2023-10-06T16:12:00.000,10,2023,Request for Assistance,Not Used,No Violations,0,MLabutti,,
2023-00082081,0 Block GRAND ST,2023-10-06T15:18:00.000,10,2023,Fraud,Not Used,"Under Investigation, Offense Pending",0,ESoloman,,
2023-00081830,0 Block PLEASANT VALLEY PKY,2023-10-05T20:20:37.000,10,2023,"Assault, Simple",11-5-3,SIMPLE ASSAULT OR BATTERY,1,RSanchez,,
2023-00081633,100 Block ANGEL ST,2023-10-05T08:16:00.000,10,2023,Alarm-Residental,Not Used,No Violations,0,GPereira,,
2023-00502236,100 Block PUMGANSETT,2023-10-04T20:29:21.000,10,2023,"Larceny, Other",11-41-1,LARCENY/U $1500 - OTH LAR,1,NField,,
2023-00502234,100 Block CHARLES,2023-10-04T18:37:45.000,10,2023,"Larceny, Other",11-41-1,LARCENY/U $1500 - ALL OTH LARCENY,1,NField,,
2023-00502229,200 Block NE PARK AVE,2023-10-04T11:04:01.000,10,2023,Larceny from Motor Vehicle,11-41-1,LARCENY/U $1500 - FROM MV,1,NField,,
2023-00081306,300 Block WEST FOUNTAIN ST,2023-10-04T07:27:08.000,10,2023,Auto Towed,Not Used,Parking or MV Violation,0,JAbatiello,,
2023-00081192,0 Block OF THE ARTS,2023-10-03T20:58:00.000,10,2023,Larceny - Theft,Not Used,"Under Investigation, Offense Pending",0,KHeron,,
2023-00081118,0 Block FINANCE WAY,2023-10-03T16:58:00.000,10,2023,Narcotics Violation,Not Used,"Under Investigation, Offense Pending",0,KHeron,,
2023-00081020,0 Block WATER ST,2023-10-03T11:57:00.000,10,2023,Disorderly Conduct,11-45-1,DISORDERLY CONDUCT,1,Central Station,,
2023-00080997,0 Block LEANDER ST,2023-10-03T10:10:50.000,10,2023,RI Statute Violation,12-7-10,RESISTING LEGAL OR ILLEGAL ARREST,1,KWilliams,,
2023-00080997,0 Block LEANDER ST,2023-10-03T10:10:50.000,10,2023,Vandalism,11-44-1,VANDALISM/MALICIOUS INJURY TO PROPERTY,1,KWilliams,,
2023-00080019,200 Block SHIPYARD ST,2023-09-30T07:59:57.000,9,2023,Larceny from Motor Vehicle,11-41-1,LARCENY/U $1500 - FROM MV,1,NULL,,
2023-00079846,100 Block OAKLAND AVE,2023-09-29T17:27:12.000,9,2023,Stolen Vehicle\Recovered,Not Used,No Violations,0,SCerullo,,
2023-00502197,0 Block HAMMOND,2023-09-29T16:11:35.000,9,2023,Vandalism,11-44-1,VANDALISM/MALICIOUS INJURY TO PROPERTY,1,NField,,
2023-00079703,0 Block FINANCE WAY,2023-09-29T07:50:00.000,9,2023,RI Statute Violation,12-9-16,WARRANT OF ARREST ON AFFIDAVIT - ALL OTH OFFENSE,1,CFernandez,,
2023-00079607,0 Block PORTLAND ST,2023-09-28T20:30:00.000,9,2023,Property Damage,Not Used,No Violations,0,DMartinez,,
2023-00079497,200 Block SPRAGUE AVE,2023-09-28T13:54:00.000,9,2023,Stolen Vehicle\Recovered,Not Used,No Violations,0,NULL,,
2023-00079485,0 Block DEBORAH,2023-09-28T13:04:25.000,9,2023,Vandalism,11-44-1,VANDALISM/MALICIOUS INJURY TO PROPERTY,1,SSesay,,
2023-00079421,0 Block EXCHANGE TER,2023-09-28T08:51:00.000,9,2023,Motor Vehicle Theft,11-41-1,LARCENY/O $1500 - AUTO THEFT,1,VTavarez,,
2023-00079346,0 Block RUTLAND ST,2023-09-27T22:14:32.000,9,2023,Request for Assistance,Not Used,No Violations,0,HVentura,,
2023-00079161,400 Block PLEASANT VALLEY PKY,2023-09-27T10:14:00.000,9,2023,Stolen Vehicle\Recovered,Not Used,No Violations,0,GScarcello,,
2023-00079109,0 Block NARR AVE,2023-09-27T06:49:00.000,9,2023,Auto Towed,Not Used,Parking or MV Violation,0,JAbatiello,,
2023-00502165,100 Block DODGE,2023-09-27T00:10:01.000,9,2023,"Fraud, Swindle",11-49.1-3,IDENTITY FRAUD - FALSE PRETENSE,1,NField,,
2023-00078754,200 Block DEXTER SRT,2023-09-26T06:54:00.000,9,2023,Vandalism,11-44-1,VANDALISM/MALICIOUS INJURY TO PROPERTY,1,LFernandez,,
2023-00502164,100 Block OAKLAND AVE,2023-09-26T03:10:06.000,9,2023,Larceny from Motor Vehicle,11-41-1,LARCENY/U $1500 - FROM MV,1,NField,,
2023-00502153,0 Block WILLOW,2023-09-26T02:40:03.000,9,2023,Larceny from Motor Vehicle,11-41-1,LARCENY/U $1500 - FROM MV,1,NField,,
2023-00502146,0 Block HEREFORD,2023-09-26T02:20:06.000,9,2023,Vandalism,11-44-1,VANDALISM/MALICIOUS INJURY TO PROPERTY,1,NField,,
2023-00502145,0 Block THOMAS OLNEY COMMONS,2023-09-24T13:20:15.000,9,2023,Larceny from Motor Vehicle,11-41-1,LARCENY/U $1500 - FROM MV,1,NField,,
2023-00502140,0 Block THOMAS OLNEY COMMON,2023-09-24T13:20:12.000,9,2023,Vandalism,11-44-1,VANDALISM/MALICIOUS INJURY TO PROPERTY,1,NField,,
2023-00078184,100 Block OAKLAND AVE,2023-09-24T01:03:18.000,9,2023,Municipal Code Violation,Sec. 16-93.,"Noise Control - Radios, television sets, and similar devices.",1,RSanchez,,
2023-00077992,100 Block COURTLAND ST,2023-09-23T10:42:00.000,9,2023,Auto Towed,Not Used,Parking or MV Violation,0,CNicholls,,
2023-00077917,0 Block PLEASANT VALLEY,2023-09-23T02:55:13.000,9,2023,Vandalism,11-44-1,VANDALISM/MALICIOUS INJURY TO PROPERTY,1,DPalumbo,,
2023-00077917,0 Block PLEASANT VALLEY,2023-09-23T02:55:13.000,9,2023,Larceny from Motor Vehicle,11-41-1,LARCENY/U $1500 - FROM MV,1,DPalumbo,,
2023-00077726,0 Block OBSORN ST,2023-09-22T17:37:11.000,9,2023,Request for Assistance,Not Used,No Violations,0,RSanchez,,
2023-00077587,200 Block BROAD WAY,2023-09-22T10:21:00.000,9,2023,"Larceny, Other",11-41-1,LARCENY/U $1500 - ALL OTH LARCENY,1,Central Station,,
2023-00077573,0 Block OAKLAND AVE,2023-09-22T09:22:00.000,9,2023,Larceny - Theft,Not Used,No violations,0,Central Station,,
2023-00077497,100 Block OAKLAND AVE,2023-09-22T00:36:00.000,9,2023,Dispersals,Not Used,No Violations,0,MRoman,,
2023-00077446,0 Block PORTLAND ST,2023-09-21T21:33:00.000,9,2023,"Assault, Aggravated",11-5-2,FELONY ASSAULT/ DANG. WEAPON OR SUBSTANCE,1,DMartinez,,
2023-00077383,0 Block THOMAS OLNEY COMMON,2023-09-21T17:57:00.000,9,2023,Suspicious Person,Not Used,No violations,0,PHourahan,,
2023-00077215,0 Block COURTLAND ST,2023-09-21T08:10:33.000,9,2023,Larceny from Motor Vehicle,11-41-1,LARCENY/U $1500 - FROM MV,1,MCaraccia,,
2023-00077207,100 Block WAYLAND AVE,2023-09-21T07:51:00.000,9,2023,Larceny from Motor Vehicle,11-41-1,LARCENY/O $1500 - FROM MV,1,AHampton,,
2023-00077018,500 Block EATON,2023-09-20T16:29:36.000,9,2023,Assistance Rendered,Not Used,No Violations,0,SCerullo,,
2023-00076986,600 Block UNION ST,2023-09-20T14:22:47.000,9,2023,"Assault, Simple",11-5-3,SIMPLE ASSAULT OR BATTERY,1,ADeschamps,,
2023-00076968,700 Block CAHIR ST,2023-09-20T13:42:00.000,9,2023,"Fraud, Swindle",11-49.1-3,IDENTITY FRAUD - FALSE PRETENSE,1,Central Station,,
2023-00076891,300 Block BARROWS ST,2023-09-20T08:15:08.000,9,2023,Motor Vehicle Theft,11-41-1,LARCENY/O $1500 - AUTO THEFT,1,SSesay,,
2023-00076713,100 Block BROADWAY,2023-09-19T15:14:48.000,9,2023,Request for Assistance,Not Used,No Violations,0,DMonteiro,,
2023-00076131,0 Block DICKENS AVE,2023-09-17T16:08:34.000,9,2023,Property Damage,Not Used,No Violations,0,JBenros,,
2023-00502091,0 Block ATWELLS,2023-09-16T20:39:59.000,9,2023,Vandalism,11-44-1,VANDALISM/MALICIOUS INJURY TO PROPERTY,1,MTroia,,
2023-00075739,0 Block VANDEWATER ST,2023-09-16T11:19:26.000,9,2023,Larceny from Motor Vehicle,11-41-1,LARCENY/U $1500 - FROM MV,1,MTueros,,
2023-00075707,100 Block RADCLIFFE ST,2023-09-16T07:41:57.000,9,2023,Request for Assistance,Not Used,No violations,0,JLanier,,
2023-00075431,0 Block VANDEWATER ST,2023-09-15T11:22:00.000,9,2023,"Larceny, Other",11-41-1,LARCENY/U $1500 - ALL OTH LARCENY,1,Central Station,,
2023-00502075,100 Block CLEVELAND ST,2023-09-15T10:10:42.000,9,2023,Vandalism,11-44-1,VANDALISM/MALICIOUS INJURY TO PROPERTY,1,MTroia,,
2023-00502071,0 Block MARKET ST,2023-09-14T19:50:24.000,9,2023,"Fraud, Credit Card",11-49-4,FRAUDULENT USE OF CREDIT CARDS,1,NField,,
2023-00502069,100 Block ONTARIO,2023-09-14T14:46:50.000,9,2023,"Larceny, Other",11-41-1,LARCENY/U $1500 - ALL OTH LARCENY,1,NField,,
2023-00075097,100 Block OAKLAND AVE,2023-09-14T10:20:00.000,9,2023,"Fraud, Welfare",40-6-16,FRAUDULENT USE OF FOOD STAMPS/U $500,1,Central Station,,
2023-00502068,0 Block PEMBROKE RD,2023-09-14T09:07:14.000,9,2023,Larceny from Motor Vehicle,11-41-1,LARCENY/U $1500 - FROM MV,1,NField,,
2023-00075029,0 Block FONES ALY,2023-09-14T01:13:00.000,9,2023,City Ordinance Violation,Not Used,No Violations,0,DIamarone,,
2023-00074904,0 Block PEMBROKE ST,2023-09-13T15:27:47.000,9,2023,Request for Assistance,Not Used,No Violations,0,JBenros,,
2023-00502060,0 Block VANDEWATER,2023-09-13T09:04:32.000,9,2023,Larceny from Motor Vehicle,11-41-1,LARCENY/U $1500 - FROM MV,1,NField,,
2023-00502059,0 Block DE PENIDO ST,2023-09-13T08:25:39.000,9,2023,Larceny from Motor Vehicle,11-41-1,LARCENY/U $1500 - FROM MV,1,NField,,
2023-00074766,0 Block PLEASANT VALLEY PKY,2023-09-13T06:00:30.000,9,2023,Auto Towed,Not Used,Parking or MV Violation,0,LPrete,,
2023-00074730,0 Block OAKLAND AVE,2023-09-13T00:30:00.000,9,2023,Animal Bite,Not Used,No violations,0,Central Station,,
2023-00074581,HARTFORD AVE &  ATWOOD ST,2023-09-12T15:06:00.000,9,2023,Property Damage,Not Used,No violations,0,Central Station,,
2023-00502054,0 Block TOBEY,2023-09-12T10:25:31.000,9,2023,"Fraud, Swindle",11-49.1-3,IDENTITY FRAUD - FALSE PRETENSE,1,NField,,
2023-00074473,0 Block HANDY ST,2023-09-12T07:48:55.000,9,2023,Burglary,11-8-1,BURGLARY,1,PSaravia,,
2023-00074438,0 Block COURTLAND ST,2023-09-12T02:28:43.000,9,2023,Burglary,11-8-2,B&E DWELLING HOUSE W/O CONSENT,1,CCabral,,
2023-00502048,100 Block CALVERLEY  ST ST,2023-09-11T18:06:30.000,9,2023,"Larceny, Other",11-41-1,LARCENY/U $1500 - ALL OTH LARCENY,1,NField,,
2023-00074303,300 Block BROADWAY,2023-09-11T14:50:00.000,9,2023,"Assault, Simple",11-5-3,SIMPLE ASSAULT OR BATTERY,1,NAyala,,
2023-00074221,0 Block CANDACE ST,2023-09-11T11:30:00.000,9,2023,"Fraud, Swindle",11-49.1-3,IDENTITY FRAUD - FALSE PRETENSE,1,Central Station,,
2023-00074170,0 Block ROSEMONT TER,2023-09-11T08:02:24.000,9,2023,Motor Vehicle Theft,11-41-1,LARCENY/O $1500 - AUTO THEFT,1,KBaxter,,
2023-00074073,100 Block RANDALL ST,2023-09-10T20:54:00.000,9,2023,Disturbance,Not Used,No violations,0,PHourahan,,
2023-00074068,0 Block OLMSTEAD WAY,2023-09-10T19:51:00.000,9,2023,Suspicious Person,Not Used,No Violations,0,IQuinn,,
2023-00073806,100 Block OAKLAND AVE,2023-09-10T03:06:00.000,9,2023,"Assault, Simple",11-5-3,SIMPLE ASSAULT OR BATTERY,1,JGuiot,,
2023-00502025,MELROSE AVE,2023-09-09T08:48:40.000,9,2023,Vandalism,11-44-1,VANDALISM/MALICIOUS INJURY TO PROPERTY,1,MTroia,,
2023-00073457,0 Block PLEASANT VALLEY PKY,2023-09-09T05:52:00.000,9,2023,"Larceny, Shoplifting",11-41-20,SHOPLIFTING-MISD - SHOPLIFTING,1,RSavage,,
2023-00073217,0 Block ROSEMONT TER,2023-09-08T14:30:00.000,9,2023,Larceny from Building,11-41-6,ATTEMPTED LARCENY/U $1500 - FROM BLD,1,ALima,,
2023-00073210,0 Block PLEASANT VALLEY PKY,2023-09-08T14:16:00.000,9,2023,Auto Towed,Not Used,Parking or MV Violation,0,FTavares,,
2023-00072977,100 Block OAKLAND AVE,2023-09-07T18:28:29.000,9,2023,Stolen Vehicle\Recovered,Not Used,No Violations,0,JBenros,,
2023-00502016,N & A,2023-09-07T15:07:52.000,9,2023,"Fraud, Swindle",11-49.1-3,IDENTITY FRAUD - FALSE PRETENSE,1,NField,,
2023-00072523,0 Block THOMAS OLNEY COMMONS,2023-09-06T11:23:27.000,9,2023,Larceny from Motor Vehicle,11-41-1,LARCENY/O $1500 - FROM MV,1,JMadeira,,
2023-00072173,700 Block PLAINFIELD AVE,2023-09-05T11:30:05.000,9,2023,"Assault, Simple",11-5-3,SIMPLE ASSAULT/BATTERY,1,JLugo,,
2023-00502004,0 Block SILVER LAKE ST,2023-09-05T10:58:17.000,9,2023,Larceny from Motor Vehicle,11-41-1,LARCENY/U $1500 - FROM MV,1,NField,,
2023-00072084,0 Block EXCHANGE TER,2023-09-05T03:34:00.000,9,2023,RI Statute Violation,11-32-1,OBSTRUCTING OFFICER IN EXECUTION OF DUTY,1,LFerreras,,
2023-00072084,0 Block EXCHANGE TER,2023-09-05T03:34:00.000,9,2023,Disorderly Conduct,11-45-1,DISORDERLY CONDUCT,1,LFerreras,,
2023-00072084,0 Block EXCHANGE TER,2023-09-05T03:34:00.000,9,2023,RI Statute Violation,12-7-10,RESISTING LEGAL OR ILLEGAL ARREST,1,LFerreras,,
2023-00071982,0 Block BOWLET ST,2023-09-04T20:07:00.000,9,2023,Breaking and Entering,Not Used,"Under Investigation, Offense Pending",0,MPetteruto,,
2023-00071911,0 Block PASTEUR,2023-09-04T15:43:40.000,9,2023,Suspicious Person,Not Used,No Violations,0,SCerullo,,
2023-00071768,0 Block OF THE ARTS,2023-09-04T00:57:00.000,9,2023,Robbery,11-39-1,ROBBERY-1ST DEGREE,1,IBarbosa,,
2023-00501978,100 Block GEORGE M COHAN BLVD,2023-09-01T09:31:20.000,9,2023,"Larceny, Other",11-41-1,LARCENY/U $1500 - ALL OTH LARCENY,1,JGreeno,,
2023-00070519,100 Block SABIN ST,2023-08-31T17:02:00.000,8,2023,Fraud,Not Used,"Under Investigation, Offense Pending",0,CSimanski,,
2023-00501970,0 Block RUTLAND ST,2023-08-31T12:13:47.000,8,2023,Property Damage,Not Used,No Violations,0,NField,,
2023-00501966,0 Block JULIAN,2023-08-30T20:48:16.000,8,2023,Vandalism,11-44-1,VANDALISM/MALICIOUS INJURY TO PROPERTY,1,NField,,
2023-00070218,0 Block OF THE ARTS,2023-08-30T17:54:21.000,8,2023,Larceny from Motor Vehicle,11-41-1,LARCENY/O $1500 - FROM MV,1,CMain,,
2023-00070155,0 Block VASSAR ST,2023-08-30T14:02:33.000,8,2023,Property Damage,Not Used,No violations,0,TGomes,,
2023-00069851,0 Block PLEASANT VALLEY,2023-08-29T15:02:01.000,8,2023,"Larceny, Shoplifting",11-41-20,SHOPLIFTING-MISD - SHOPLIFTING,1,RRaso,,
2023-00069754,0 Block WHELAND RD,2023-08-29T09:49:11.000,8,2023,Auto Towed,Not Used,Parking or MV Violation,0,CVingi,,
2023-00069731,0 Block PORTLAND ST,2023-08-29T08:19:00.000,8,2023,Trespass,Not Used,No Violations,0,ASantos,,
2023-00069592,0 Block DI MARIO DR,2023-08-28T19:16:00.000,8,2023,"Larceny, Other",11-41-1,LARCENY/U $1500 - ALL OTH LARCENY,1,MLabutti,,
2023-00069512,100 Block OAKLAND AVE,2023-08-28T15:31:20.000,8,2023,Stolen Vehicle\Recovered,Not Used,No Violations,0,IQuinn,,
2023-00069229,4800 Block LIEGE ST,2023-08-27T17:06:32.000,8,2023,Fraud,Not Used,"Under Investigation, Offense Pending",0,SCerullo,,
2023-00501929,100 Block ANGEL ST,2023-08-25T19:39:02.000,8,2023,"Fraud, Credit Card",11-49-4,FRAUDULENT USE OF CREDIT CARDS,1,NField,,
2023-00068526,0 Block RANDALL ST,2023-08-25T19:14:00.000,8,2023,Request for Assistance,Not Used,No Violations,0,LGarcia Colon,,
2023-00068490,0 Block CANDACE ST,2023-08-25T17:19:00.000,8,2023,Larceny from Motor Vehicle,11-41-1,LARCENY/U $1500 - FROM MV,1,MLabutti,,
2023-00501924,100 Block CHATHAM,2023-08-25T09:24:37.000,8,2023,Larceny from Motor Vehicle,11-41-1,LARCENY/U $1500 - FROM MV,1,NField,,
2023-00068109,500 Block BROADWAY,2023-08-24T11:54:00.000,8,2023,Burglary,11-8-2,B&E DWELLING HOUSE W/O CONSENT,1,LPelaez,,
2023-00068012,400 Block PLEASANT VALLEY PKY,2023-08-24T01:26:00.000,8,2023,"Assault,Simple",Not Used,"Under Investigation, Offense Pending",0,AIn,,
2023-00067972,600 Block S WATER,2023-08-23T22:54:00.000,8,2023,Vandalism,11-44-1,VANDALISM/MALICIOUS INJURY TO PROPERTY,1,DPalumbo,,
2023-00067607,0 Block DARTMOUTH ST,2023-08-22T22:26:47.000,8,2023,"Assault, Simple",11-5-3,SIMPLE ASSAULT OR BATTERY,2,SSage,,
2023-00067442,0 Block KELLEY ST,2023-08-22T12:26:00.000,8,2023,Drug Offenses,21-28-4.01-C1A,POSSESSION OF SCHEDULE I II III,1,NEastman,,
2023-00067195,0 Block PORTLAND ST,2023-08-21T15:20:00.000,8,2023,"Fraud, Credit Card",11-49-4,FRAUDULENT USE OF CREDIT CARDS,1,Central Station,,
2023-00067190,0 Block FINANCE WAY,2023-08-21T15:02:23.000,8,2023,Warrant\Capias,BWARRANT-6D,BENCH WARRANT ISSUED FROM 6TH DISTRICT COURT,1,DTejada,,
2023-00501897,0 Block FAIRBANKS,2023-08-21T14:08:11.000,8,2023,Vandalism,11-44-1,VANDALISM/MALICIOUS INJURY TO PROPERTY,1,NField,,
2023-00066950,100 Block CUMBERLAND ST,2023-08-20T21:08:00.000,8,2023,Request for Assistance,Not Used,No Violations,0,RFernandes,,
2023-00501886,100 Block BATH,2023-08-20T15:35:48.000,8,2023,Larceny from Motor Vehicle,11-41-1,LARCENY/U $1500 - FROM MV,1,NField,,
2023-00501883,200 Block JEWETT,2023-08-20T10:53:45.000,8,2023,Larceny from Motor Vehicle,11-41-1,LARCENY/U $1500 - FROM MV,1,NField,,
2023-00501881,0 Block SALMON,2023-08-20T09:16:11.000,8,2023,Vandalism,11-44-1,VANDALISM/MALICIOUS INJURY TO PROPERTY,1,NField,,
2023-00065914,0 Block THOMAS SPANN WAY,2023-08-17T18:52:00.000,8,2023,"Assault, Simple",11-5-3,SIMPLE ASSAULT OR BATTERY,1,TSavard,,
2023-00065818,0 Block FINANCE WAY,2023-08-17T13:56:00.000,8,2023,RI Statute Violation,12-9-16,WARRANT OF ARREST ON AFFIDAVIT - ALL OTH OFFENSE,1,DTejada,,
2023-00501862,100 Block OAKLAND AVE,2023-08-17T12:22:50.000,8,2023,"Larceny, Other",11-41-1,LARCENY/U $1500 - OTH LAR,1,NField,,
2023-00065441,100 Block BROADWAY,2023-08-16T10:18:00.000,8,2023,Vandalism,11-44-1,VANDALISM/MALICIOUS INJURY TO PROPERTY,1,Central Station,,
2023-00064140,0 Block KELLEY ST,2023-08-12T10:32:00.000,8,2023,"Assault, Simple",11-5-3,SIMPLE ASSAULT OR BATTERY,1,DRosso,,
2023-00064140,0 Block KELLEY ST,2023-08-12T10:32:00.000,8,2023,Burglary,11-8-2.3,B&E DWELLING OF PERSON OVER 60,1,DRosso,,
2023-00064119,0 Block EXCHANGE TER,2023-08-12T08:10:00.000,8,2023,Dispersals,Not Used,No Violations,0,MHames,,
2023-00501823,400 Block ELM ST,2023-08-12T03:18:40.000,8,2023,Vandalism,11-44-1,VANDALISM/MALICIOUS INJURY TO PROPERTY,1,NField,,
2023-00501820,0 Block 104 OAKLAND AVENUE,2023-08-11T20:36:56.000,8,2023,Vandalism,11-44-1,VANDALISM/MALICIOUS INJURY TO PROPERTY,1,NField,,
2023-00063512,200 Block BROADWAY,2023-08-10T12:19:00.000,8,2023,Auto Towed,Not Used,Parking or MV Violation,0,DSepe,,
2023-00063486,100 Block CLEVELAND ST,2023-08-10T10:47:00.000,8,2023,Assistance Rendered,Not Used,No Violations,0,MAddai,,
2023-00501804,300 Block CORLISS ST,2023-08-09T19:33:46.000,8,2023,Larceny from Motor Vehicle,11-41-1,LARCENY/U $1500 - FROM MV,1,NField,,
2023-00063053,0 Block KELLEY ST,2023-08-08T17:29:00.000,8,2023,Tresspassing,11-44-26,WILLFUL TRESPASS,1,MFigueroa,,
2023-00501789,0 Block EXCHANGE TER,2023-08-07T10:48:39.000,8,2023,"Larceny, Other",11-41-1,LARCENY/U $1500 - ALL OTH LARCENY,1,NField,,
2023-00062632,0 Block PLEASANT VALLEY,2023-08-07T00:01:32.000,8,2023,"Larceny, Other",11-41-1,LARCENY/U $1500 - ALL OTH LARCENY,1,GSans-Souci,,
2023-00062470,100 Block RANDALL ST,2023-08-06T15:35:00.000,8,2023,Vandalism,11-44-1,VANDALISM/MALICIOUS INJURY TO PROPERTY,1,PHourahan,,
2023-00062186,0 Block RUTLAND ST,2023-08-05T21:08:00.000,8,2023,Responding To Disturbance,Not Used,No Violations,0,DMartinez,,
2023-00501783,0 Block HARRIET,2023-08-05T19:56:54.000,8,2023,"Fraud, Credit Card",11-49-4,FRAUDULENT USE OF CREDIT CARDS,1,NField,,
2023-00501782,0 Block LUONGO SQ,2023-08-05T13:20:15.000,8,2023,Larceny from Motor Vehicle,11-41-1,LARCENY/U $1500 - FROM MV,1,NField,,
2023-00061717,0 Block EXCHANGE TER,2023-08-04T15:19:00.000,8,2023,"Larceny, Other",11-41-1,LARCENY/U $1500 - ALL OTH LARCENY,1,JAntoniou,,
2023-00061468,400 Block BROADWAY,2023-08-03T16:53:00.000,8,2023,"Fraud, Impersonation",11-41-4,OBT. MONEY-FALSE PRETENSE/PERSONATION/U $1500 - IMPERSONATION,1,Central Station,,
2023-00061345,0 Block ROGER WILLIAMS GRN,2023-08-03T07:44:00.000,8,2023,Vandalism,11-44-1,VANDALISM/MALICIOUS INJURY TO PROPERTY,1,KPoplaski,,
2023-00501767,0 Block PROVIDENCE,2023-08-02T17:10:24.000,8,2023,"Larceny, Other",11-41-1,LARCENY/U $1500 - ALL OTH LARCENY,1,NField,,
2023-00501758,100 Block CONGDON CT,2023-08-01T17:53:48.000,8,2023,"Fraud, Swindle",11-49.1-3,IDENTITY FRAUD - FALSE PRETENSE,1,NField,,
2023-00060749,0 Block OAKLAND AVE,2023-08-01T03:38:00.000,8,2023,Suspicious Person,Not Used,No Violations,0,DPalumbo,,
2023-00060532,0 Block WISDOM ST,2023-07-31T10:30:44.000,7,2023,"Assault,Simple",Not Used,"Under Investigation, Offense Pending",0,KWilliams,,
2023-00501744,0 Block BERLIN,2023-07-31T06:22:12.000,7,2023,Vandalism,11-44-1,VANDALISM/MALICIOUS INJURY TO PROPERTY,1,JGreeno,,
2023-00060121,0 Block COURTLAND STREET ST,2023-07-30T04:30:47.000,7,2023,Request for Assistance,Not Used,No violations,0,BAucoin,,
2023-00501738,0 Block NICHOLAS BROWN YARDS,2023-07-29T17:48:59.000,7,2023,Vandalism,11-44-1,VANDALISM/MALICIOUS INJURY TO PROPERTY,1,NField,,
2023-00059733,0 Block PORTLAND ST,2023-07-29T00:00:00.000,7,2023,Larceny from Motor Vehicle,11-41-1,LARCENY/U $1500 - FROM MV,1,Central Station,,
2023-00501733,"100 Block CALVERLEY ST, PROVIDENCE, ST",2023-07-28T22:45:08.000,7,2023,Larceny from Motor Vehicle,11-41-1,LARCENY/U $1500 - FROM MV,1,NField,,
2023-00501727,200 Block OAKLAND AVE,2023-07-28T15:26:22.000,7,2023,Larceny from Motor Vehicle,11-41-1,LARCENY/U $1500 - FROM MV,1,MTroia,,
2023-00059306,0 Block FINANCE WAY,2023-07-27T13:55:00.000,7,2023,Warrant\Capias,BWARRANT-SC,BENCH WARRANT ISSUED FROM SUPERIOR COURT,1,CCurrier,,
2023-00059086,0 Block OAKLAND AVE,2023-07-26T19:25:00.000,7,2023,Burglary,11-8-2,B&E DWELLING HOUSE W/O CONSENT,1,EBreault,,
2023-00059065,0 Block OAKLAND AVE,2023-07-26T18:07:19.000,7,2023,Larceny from Building,11-41-1,LARCENY/U $1500 - FROM BLD,1,JBenros,,
2023-00059065,0 Block OAKLAND AVE,2023-07-26T18:07:19.000,7,2023,RI Statute Violation,11-32-1,OBSTRUCTING OFFICER IN EXECUTION OF DUTY,1,JBenros,,
2023-00058762,1500 Block ELMWOOD,2023-07-25T16:46:00.000,7,2023,Malicious Mischief,Not Used,No violations,0,Central Station,,
2023-00058646,400 Block BROADWAY,2023-07-25T09:27:00.000,7,2023,Larceny - Theft,Not Used,"Under Investigation, Offense Pending",0,INerney,,
2023-00501701,0 Block NEWCOMB,2023-07-24T18:10:35.000,7,2023,"Larceny, Other",11-41-1,LARCENY/U $1500 - OTH LAR,1,MTroia,,
2023-00058142,0 Block PLEASANT VALLEY PKY,2023-07-23T16:10:00.000,7,2023,Narcotics Violation,Not Used,"Under Investigation, Offense Pending",0,IQuinn,,
2023-00058050,0 Block OAKLAND AVE,2023-07-23T09:31:00.000,7,2023,Larceny from Motor Vehicle,11-41-1,LARCENY/U $1500 - FROM MV,1,LRamalho,,
2023-00501686,0 Block OSBORN,2023-07-22T09:45:38.000,7,2023,Vandalism,11-44-1,VANDALISM/MALICIOUS INJURY TO PROPERTY,1,MTroia,,
2023-00057491,0 Block PLEASANT VALLEY PKY,2023-07-21T16:55:00.000,7,2023,Suspicious Person,Not Used,No Violations,0,MLabutti,,
2023-00057422,0 Block EXCHANGE TER,2023-07-21T14:27:00.000,7,2023,Property Damage,Not Used,No Violations,0,CMain,,
2023-00057358,400 Block BROADWAY,2023-07-21T09:31:00.000,7,2023,"Fraud, Swindle",19-9-29,BANK FRAUD,3,RMoroney,,
2023-00057358,400 Block BROADWAY,2023-07-21T09:31:00.000,7,2023,Forgery,11-17-1,FORGERY AND COUNTERFEITING IN GENERAL,1,RMoroney,,
2023-00057184,0 Block RANGLEY ST,2023-07-20T17:25:08.000,7,2023,Larceny from Motor Vehicle,11-41-1,LARCENY/U $1500 - FROM MV,1,ELane,,
2023-00057041,0 Block BOWLET ST,2023-07-20T09:25:00.000,7,2023,Assistance Rendered,Not Used,No Violations,0,JPerez,,
2023-00501667,100 Block HOPE,2023-07-19T17:23:41.000,7,2023,"Larceny, Other",11-41-1,LARCENY/U $1500 - ALL OTH LARCENY,1,NField,,
2023-00056743,100 Block OAKLAND AVE,2023-07-19T11:47:00.000,7,2023,Larceny from Motor Vehicle,11-41-1,LARCENY/O $1500 - FROM MV,1,Central Station,,
2023-00056732,100 Block PECK ST,2023-07-19T10:50:28.000,7,2023,Disorderly Conduct,11-45-1,DISORDERLY CONDUCT,1,MGammino,,
2023-00056729,0 Block WARREN WAY,2023-07-19T10:37:55.000,7,2023,Auto Fire,Not Used,No Violations,0,WPognon,,
2023-00056446,0 Block RANDALL ST,2023-07-18T15:05:00.000,7,2023,"Fraud, Credit Card",11-49-4,FRAUDULENT USE OF CREDIT CARDS,1,Central Station,,
2023-00056422,500 Block BROADWAY,2023-07-18T13:07:00.000,7,2023,"Larceny, Other",11-41-1,LARCENY/U $1500 - ALL OTH LARCENY,1,Central Station,,
2023-00501651,500 Block BROADWAY,2023-07-18T01:17:55.000,7,2023,"Larceny, Other",11-41-1,LARCENY/U $1500 - ALL OTH LARCENY,1,NField,,
2023-00501649,0 Block CROMWELL AVE,2023-07-17T18:30:19.000,7,2023,Larceny from Motor Vehicle,11-41-1,LARCENY/U $1500 - FROM MV,1,NField,,
2023-00501643,0 Block PROVIDENCE PI,2023-07-17T10:51:27.000,7,2023,"Larceny, Other",11-41-1,LARCENY/U $1500 - ALL OTH LARCENY,1,NField,,
2023-00056005,0 Block VANDEWATER ST,2023-07-17T02:27:00.000,7,2023,Disturbance,Not Used,No Violations,0,LPrete,,
2023-00501636,500 Block ANGELL  STREET ST,2023-07-16T16:19:51.000,7,2023,"Larceny, Other",11-41-1,LARCENY/U $1500 - ALL OTH LARCENY,1,NField,,
2023-00055479,0 Block LEANDER ST,2023-07-15T15:43:00.000,7,2023,Larceny - Theft,Not Used,"Under Investigation, Offense Pending",0,JMontano,,
2023-00055436,0 Block EXCHANGE TER,2023-07-15T12:40:00.000,7,2023,Warrant\Capias,BWARRANT-SC,BENCH WARRANT ISSUED FROM SUPERIOR COURT,2,VLopez,,
2023-00055405,100 Block OAKLAND AVE,2023-07-15T10:08:00.000,7,2023,Vandalism,11-44-1,VANDALISM/MALICIOUS INJURY TO PROPERTY,1,Central Station,,
2023-00055377,800 Block ACADEMY AVE,2023-07-15T06:37:24.000,7,2023,"Assault, Simple",11-5-3,SIMPLE ASSAULT OR BATTERY,1,JWagnac,,
2023-00501627,200 Block NW CLIFFORD ST,2023-07-15T00:43:16.000,7,2023,Vandalism,11-44-1,VANDALISM/MALICIOUS INJURY TO PROPERTY,1,NField,,
2023-00054818,0 Block PROVIDENCEPLACE MALL,2023-07-13T14:29:46.000,7,2023,"Larceny, Other",11-41-1,LARCENY/U $1500 - ALL OTH LARCENY,1,JDeschamps,,
2023-00054703,0 Block CITIZENS PL,2023-07-13T06:32:39.000,7,2023,Disturbance,Not Used,No violations,0,ADaCruz,,
2023-00054664,300 Block BROADWAY,2023-07-13T00:28:00.000,7,2023,Request for Assistance,Not Used,No Violations,0,JMontano,,
2023-00054174,200 Block PULASKI STREET,2023-07-10T15:00:00.000,7,2023,Narcotics Violation,Not Used,No violations,0,JDesmarais,,
2023-00053811,0 Block OAKLAND AVE,2023-07-10T01:04:36.000,7,2023,Shots Fired,Not Used,No Violations,0,JWagnac,,
2023-00053632,0 Block CRANDALL ST,2023-07-09T12:53:32.000,7,2023,Stolen Vehicle\Recovered,Not Used,No Violations,0,MLabutti,,
2023-00053539,0 Block CANDACE ST,2023-07-09T02:44:00.000,7,2023,Disorderly Conduct,11-30-8,ENTRY BY POLICE OFFICERS OF PREMISES,1,ABrodeur,,
2023-00501580,600 Block N NO. MAIN STREET ST,2023-07-08T17:29:14.000,7,2023,"Larceny, Other",11-41-1,LARCENY/U $1500 - OTH LAR,1,NField,,
2023-00501567,100 Block CLEVELAND ST,2023-07-07T00:21:07.000,7,2023,"Larceny, Other",11-41-1,LARCENY/U $1500 - OTH LAR,1,NField,,
2023-00501566,100 Block OAKLAND AVE,2023-07-06T22:46:03.000,7,2023,Larceny from Motor Vehicle,11-41-1,LARCENY/U $1500 - FROM MV,1,NField,,
2023-00501562,400 Block BLACKSTONE BOULEVARD BLVD,2023-07-06T11:12:49.000,7,2023,"Larceny, Other",11-41-1,LARCENY/U $1500 - ALL OTH LARCENY,1,NField,,
2023-00051980,0 Block BONANZA WAY,2023-07-04T15:18:00.000,7,2023,Assistance Rendered,Not Used,No Violations,0,PHourahan,,
2023-00051924,400 Block PLAINFIELD AVE,2023-07-04T12:15:54.000,7,2023,Vandalism,11-44-1,VANDALISM/MALICIOUS INJURY TO PROPERTY,1,JLugo,,
2023-00051835,0 Block RANDALL ST,2023-07-04T01:17:00.000,7,2023,Alarm-Business,Not Used,No Violations,0,YCaba,,
2023-00501534,500 Block BROADWAY,2023-07-03T08:23:50.000,7,2023,Vandalism,11-44-1,VANDALISM/MALICIOUS INJURY TO PROPERTY,1,NField,,
2023-00051115,200 Block OAKLAND AVENUE AVE,2023-07-01T20:57:04.000,7,2023,Suspicious Person,Not Used,No violations,0,BAucoin,,
2023-00050727,0 Block RANDALL ST,2023-06-30T19:28:00.000,6,2023,Animal Bite,Not Used,No violations,0,PHourahan,,
2023-00501520,400 Block ANGELL,2023-06-30T16:25:42.000,6,2023,"Fraud, Swindle",11-49.1-3,IDENTITY FRAUD - FALSE PRETENSE,1,NField,,
2023-00050480,0 Block EXCHANGE TER,2023-06-29T23:15:00.000,6,2023,"Assault, Simple",11-5-3,SIMPLE ASSAULT OR BATTERY,1,YCaba,,
2023-00050480,0 Block EXCHANGE TER,2023-06-29T23:15:00.000,6,2023,"Larceny, Other",11-41-7,LARCENY FROM THE PERSON - ALL OTH LARCENY,1,YCaba,,
2023-00050248,2000 Block RIVER AVE,2023-06-29T10:15:00.000,6,2023,Request for Assistance,Not Used,No violations,0,Central Station,,
2023-00501507,300 Block WAYLAND AVE,2023-06-28T11:13:12.000,6,2023,Vandalism,11-44-1,VANDALISM/MALICIOUS INJURY TO PROPERTY,1,NField,,
2023-00049950,0 Block THOMAS SPANN WAY,2023-06-28T09:24:00.000,6,2023,Vandalism,11-44-1,VANDALISM/MALICIOUS INJURY TO PROP,1,TCalandra,,
2023-00501503,0 Block WASHINGTON,2023-06-27T22:14:56.000,6,2023,Larceny from Motor Vehicle,11-41-1,LARCENY/U $1500 - FROM MV,1,NField,,
2023-00049653,0 Block CRANDALL ST,2023-06-27T09:23:59.000,6,2023,Auto Towed,Not Used,Parking or MV Violation,0,JAbatiello,,
2023-00501488,0 Block HAROLD,2023-06-26T17:34:49.000,6,2023,"Fraud, Swindle",11-49.1-3,IDENTITY FRAUD - FALSE PRETENSE,1,NField,,
2023-00049524,0 Block VANDEWATER ST,2023-06-26T17:26:05.000,6,2023,Request for Assistance,Not Used,No Violations,0,IQuinn,,
2023-00501481,0 Block KENWOOD,2023-06-26T06:41:06.000,6,2023,Larceny from Motor Vehicle,11-41-1,LARCENY/U $1500 - FROM MV,1,NField,,
2023-00501476,100 Block DORRANCE,2023-06-25T18:34:08.000,6,2023,Vandalism,11-44-1,VANDALISM/MALICIOUS INJURY TO PROPERTY,1,NField,,
2023-00049094,0 Block EXCHANGE TER,2023-06-25T03:34:00.000,6,2023,DUI,31-27-2,Driving Under the Influence of Liqour or Drugs (=>.08<.1),1,RByfield,,
2023-00049094,0 Block EXCHANGE TER,2023-06-25T03:34:00.000,6,2023,DUI,31-27-2.1,Chemical Test Refusal,1,RByfield,,
2023-00501465,200 Block CHAD BROWN,2023-06-24T16:50:36.000,6,2023,Vandalism,11-44-1,VANDALISM/MALICIOUS INJURY TO PROPERTY,1,NField,,
2023-00048718,600 Block RESERVOIR AVE,2023-06-24T01:37:14.000,6,2023,"Assault,Felony",Not Used,"Under Investigation, Offense Pending",0,DCarias,,
2023-00048708,0 Block PLEASANT VALLEY PKY,2023-06-24T01:19:00.000,6,2023,Weapons,11-47-8-A,LICENSE OR PERMIT REQUIRED FOR CARRYING PISTOL,1,SCampbell,,
2023-00048534,200 Block BROADWAY,2023-06-23T16:37:00.000,6,2023,Request for Assistance,Not Used,No violations,0,Central Station,,
2023-00501454,100 Block SUMTER,2023-06-22T21:58:07.000,6,2023,Larceny from Motor Vehicle,11-41-1,LARCENY/U $1500 - FROM MV,1,NField,,
2023-00048172,1600 Block HAMILTON,2023-06-22T12:15:00.000,6,2023,Vandalism,11-44-1,VANDALISM/MALICIOUS INJURY TO PROPERTY,1,Central Station,,
2023-00048012,500 Block BROADWAY,2023-06-21T19:23:00.000,6,2023,Auto Towed,Not Used,Parking or MV Violation,0,KHeron,,
2023-00047968,200 Block BROADWAY,2023-06-21T16:37:00.000,6,2023,Breaking and Entering,Not Used,"Under Investigation, Offense Pending",0,VLopez,,
2023-00501442,0 Block COURTLAND ST,2023-06-21T13:38:33.000,6,2023,Larceny from Motor Vehicle,11-41-1,LARCENY/U $1500 - FROM MV,1,NField,,
2023-00047840,100 Block STANDISH AVE,2023-06-21T08:56:08.000,6,2023,Motor Vehicle Theft,Not Used,"Under Investigation, Offense Pending",0,YGonzalez,,
2023-00047799,0 Block LEANDER ST,2023-06-21T00:14:00.000,6,2023,Stolen Vehicle\Recovered,Not Used,No Violations,0,AIn,,
2023-00501437,0 Block COURTLAND ST,2023-06-20T18:45:13.000,6,2023,Larceny from Motor Vehicle,11-41-1,LARCENY/U $1500 - FROM MV,1,NField,,
2023-00047597,0 Block RADCLIFFE ST,2023-06-20T10:53:21.000,6,2023,Burglary,11-8-1.1,ATTEMPTED BREAKING AND ENTERING,1,EPedchenko,,
2023-00047419,100 Block VANDEWATER ST,2023-06-19T16:46:00.000,6,2023,Fraud,Not Used,"Under Investigation, Offense Pending",0,RFernandes,,
2023-00047007,0 Block RANDALL ST,2023-06-18T10:52:43.000,6,2023,Alarm-Business,Not Used,No violations,0,MRudolph,,
2023-00501407,0 Block WARREN WAY,2023-06-18T03:57:48.000,6,2023,Vandalism,11-44-1,VANDALISM/MALICIOUS INJURY TO PROPERTY,1,MTroia,,
2023-00046661,0 Block PLEASANT VALLEY PKY,2023-06-17T05:48:55.000,6,2023,Suspicious Person,Not Used,No Violations,0,IBarbosa,,
2023-00046124,200 Block REGENT ST. ST,2023-06-15T17:45:39.000,6,2023,Request for Assistance,Not Used,No Violations,0,CHines,,
2023-00046069,0 Block VANDEWATER ST,2023-06-15T14:39:00.000,6,2023,Request for Assistance,Not Used,No Violations,0,RFernandes,,
2023-00046011,500 Block BROADWAY,2023-06-15T10:12:00.000,6,2023,Malicious Mischief,Not Used,No Violations,0,DSepe,,
2023-00045892,200 Block BROADWAY,2023-06-14T20:29:00.000,6,2023,"Larceny, Other",11-41-1,LARCENY/O $1500 - ALL OTH LARCENY,1,Central Station,,
2023-00045841,0 Block LEANDER ST,2023-06-14T17:17:00.000,6,2023,Request for Assistance,Not Used,No violations,0,Central Station,,
2023-00045799,0 Block COURTLAND ST,2023-06-14T15:21:22.000,6,2023,Assistance Rendered,Not Used,No violations,0,GSans-Souci,,
2023-00045702,0 Block RANDALL ST,2023-06-14T07:44:44.000,6,2023,"Assault, Simple",11-5-3,SIMPLE ASSAULT/BATTERY,1,JMadeira,,
2023-00045477,300 Block BROADWAY,2023-06-13T13:26:25.000,6,2023,Vandalism,11-44-1,VANDALISM/MALICIOUS INJURY TO PROPERTY,1,LFernandez,,
2023-00045317,0 Block KENEDY PL,2023-06-12T20:16:43.000,6,2023,"Assault, Simple",11-5-3,SIMPLE ASSAULT OR BATTERY,1,CMain,,
2023-00045273,0 Block CITIZEN PL,2023-06-12T18:12:57.000,6,2023,"Assault, Simple",11-5-3,SIMPLE ASSAULT OR BATTERY,1,SCerullo,,
2023-00045273,0 Block CITIZEN PL,2023-06-12T18:12:57.000,6,2023,Larceny from Building,11-41-1,LARCENY/U $1500 - FROM BLD,1,SCerullo,,
2023-00045175,0 Block WHITING AVE,2023-06-12T09:58:55.000,6,2023,"Larceny, Other",11-41-1,LARCENY/U $1500 - ALL OTH LARCENY,1,TGomes,,
2023-00044584,0 Block PARK W,2023-06-10T18:27:10.000,6,2023,Fraud,Not Used,"Under Investigation, Offense Pending",0,GGenao,,
2023-00044260,0 Block PROVICENCE PL,2023-06-09T18:40:53.000,6,2023,Vandalism,11-44-21,FALSE FIRE/POLICE ALARM W/INTENT & VANDALIZING - DESTRUCT/VAND,2,CMain,,
2023-00043967,0 Block MASSIE ST,2023-06-08T19:42:00.000,6,2023,Weapons,11-47-8-A,LICENSE OR PERMIT REQUIRED FOR CARRYING PISTOL,1,TZincone,,
2023-00043665,500 Block BROADWAY,2023-06-07T15:35:00.000,6,2023,Tresspassing,11-44-26,WILLFUL TRESPASS,1,VLopez,,
2023-00043635,100 Block SARATOGA ST,2023-06-07T13:49:51.000,6,2023,Vandalism,11-44-1,VANDALISM/MALICIOUS INJURY TO PROP,1,WPognon,,
2023-00043362,0 Block RANDALL ST,2023-06-06T12:30:03.000,6,2023,Larceny from Motor Vehicle,11-41-1,LARCENY/O $1500 - FROM MV,1,MRudolph,,
2023-00043099,200 Block ONEIL ST,2023-06-05T14:09:00.000,6,2023,"Fraud, Swindle",11-49.1-3,IDENTITY FRAUD - FALSE PRETENSE,1,Central Station,,
2023-00042644,100 Block SABIN ST,2023-06-03T22:58:00.000,6,2023,"Assault, Simple",11-5-3,SIMPLE ASSAULT/BATTERY,1,JLeroux,,
2023-00042597,1500 Block CHALKSTON AVE AVE,2023-06-03T18:54:24.000,6,2023,Vandalism,11-44-1,VANDALISM/MALICIOUS INJURY TO PROPERTY,1,NULL,,
2023-00042596,0 Block CANDACE ST,2023-06-03T18:53:00.000,6,2023,"Fraud, Swindle",11-49.1-3,IDENTITY FRAUD - FALSE PRETENSE,1,Central Station,,
2023-00042337,0 Block RANDALL ST,2023-06-02T21:50:18.000,6,2023,Request for Assistance,Not Used,No Violations,0,SKawejsza,,
2023-00501301,100 Block OAKLAND AVE,2023-06-02T19:53:27.000,6,2023,Larceny from Motor Vehicle,11-41-1,LARCENY/U $1500 - FROM MV,1,NField,,
2023-00501295,0 Block ASHBURTON,2023-06-02T06:33:35.000,6,2023,Vandalism,11-44-1,VANDALISM/MALICIOUS INJURY TO PROPERTY,1,NField,,
2023-00041921,PROVIDENCE,2023-06-01T16:48:00.000,6,2023,Request for Assistance,Not Used,No violations,0,Central Station,,
2023-00041842,200 Block PROMANEDE,2023-06-01T13:14:46.000,6,2023,"Assault, Simple",11-5-3,SIMPLE ASSAULT/BATTERY-3RD OFFENSE,1,EPedchenko,,
2023-00043657,500 Block BROADWAY,2023-06-01T12:04:00.000,6,2023,Tresspassing,11-44-26,WILLFUL TRESPASS,1,VLopez,,
2023-00041803,200 Block CHAD BROWN,2023-06-01T10:37:00.000,6,2023,"Fraud, Swindle",11-49.1-3,IDENTITY FRAUD - FALSE PRETENSE,1,Central Station,,
2023-00041735,0 Block PLEASANT VALLEY PKY,2023-06-01T00:56:48.000,6,2023,"Assault, Simple",11-5-3,SIMPLE ASSAULT OR BATTERY,1,GSans-Souci,,
2023-00501291,0 Block BOWLET ST,2023-05-31T20:40:24.000,5,2023,"Larceny, Other",11-41-1,LARCENY/U $1500 - OTH LAR,1,NField,,
2023-00041618,PROVIDENCE,2023-05-31T16:34:00.000,5,2023,"Fraud, Swindle",11-49.1-3,IDENTITY FRAUD - FALSE PRETENSE,1,Central Station,,
